"NCT","Brief_Title","Year","Phase","Sponsor_Class","Registry_Source","Status","Enrollment","Modality","Radiation","Strict_GBM_Only","Pediatric_title","NCO","NCO_strict","NCO_Designation","NCO_Instruments","HRQoL","HRQoL_Designation","HRQoL_Instruments"
"NCT01814813","Vaccine Therapy With Bevacizumab Versus Bevacizumab Alone in Treating Patients With Recurrent Glioblastoma Multiforme That Can Be Removed by Surgery",2013,"PHASE2","Academic/Investigator-Initiated","US","TERMINATED",90,"Surgical; Targeted / Small Molecule; Immunotherapy",0,"Yes",FALSE,0,0,"None","None",0,"None","None"
"NCT00112502","Temozolomide Alone or in Combination With Thalidomide and/or Isotretinoin and/or Celecoxib in Treating Patients Who Have Undergone Radiation Therapy for Glioblastoma Multiforme",2005,"PHASE2","Academic/Investigator-Initiated","US","COMPLETED",178,"Radiation; Cytotoxic Chemotherapy",1,"Yes",FALSE,0,0,"None","None",0,"None","None"
"NCT07754734","STUPP Regimen With or Without Lenvatinib for Newly Diagnosed Glioblastoma With MGMT Promoter Methylation",2026,"PHASE2","Government/Cooperative Group","US","NOT_YET_RECRUITING",138,"Radiation; Cytotoxic Chemotherapy",1,"Yes",FALSE,0,0,"None","None",1,"Secondary","bn20; eortc; qlq-bn20; qlq-c30; quality of life; symptom burden"
"NCT01019434","Radiation Therapy and Temsirolimus or Temozolomide in Treating Patients With Newly Diagnosed Glioblastoma",2009,"PHASE2","Government/Cooperative Group","US","COMPLETED",111,"Radiation; Cytotoxic Chemotherapy; Targeted / Small Molecule",1,"Yes",FALSE,0,0,"None","None",0,"None","None"
"NCT02667587","An Investigational Immuno-therapy Study of Temozolomide Plus Radiation Therapy With Nivolumab or Placebo, for Newly Diagnosed Patients With Glioblastoma (GBM, a Malignant Brain Cancer)",2016,"PHASE3","Industry","US","COMPLETED",716,"Radiation; Cytotoxic Chemotherapy; Immunotherapy",1,"Yes",FALSE,0,0,"None","None",0,"None","None"
"NCT03548571","Dendritic Cell Immunotherapy Against Cancer Stem Cells in Glioblastoma Patients Receiving Standard Therapy",2018,"PHASE2/PHASE3","Academic/Investigator-Initiated","US","UNKNOWN",60,"Cytotoxic Chemotherapy; Immunotherapy",0,"Yes",FALSE,0,0,"None","None",1,"Secondary","bn20; eortc; qlq-bn20; qlq-c30; quality of life"
"NCT06649851","G-CSF After Chemo-radiation in Patients With Glioblastoma",2025,"PHASE2","Academic/Investigator-Initiated","US","RECRUITING",60,"Radiation; Cytotoxic Chemotherapy",1,"Yes",FALSE,1,1,"Secondary","hvlt; tmt; wechsler",1,"Secondary","fact-br; functional assessment of cancer therapy; quality of life"
"NCT00108069","Tamoxifen and Bortezomib to Treat Recurrent Brain Tumors",2005,"PHASE2","Government/Cooperative Group","US","COMPLETED",43,"Targeted / Small Molecule",0,"No",FALSE,0,0,"None","None",0,"None","None"
"NCT03650257","A Large-scale Research for Immunotherapy of Glioblastoma With Autologous Heat Shock Protein gp96",2019,"PHASE2","Industry","US","UNKNOWN",150,"Radiation; Cytotoxic Chemotherapy; Immunotherapy",1,"Yes",FALSE,0,0,"None","None",0,"None","None"
"NCT00154375","Study of Imatinib Mesylate in Combination With Hydroxyurea Versus Hydroxyurea Alone as an Oral Therapy in Patients With Temozolomide Resistant Progressive Glioblastoma",2004,"PHASE3","Industry","US","COMPLETED",240,"Cytotoxic Chemotherapy",0,"Yes",FALSE,0,0,"None","None",0,"None","None"
"NCT06061809","N-803 and PD-L1 t-haNK Combined With Bevacizumab for Recurrent or Progressive Glioblastoma",2024,"PHASE2","Industry","US","ACTIVE_NOT_RECRUITING",34,"Targeted / Small Molecule; Tumor Treating Fields; Immunotherapy",0,"Yes",FALSE,0,0,"None","None",0,"None","None"
"NCT00304031","Radiation Therapy (RT) and Temozolomide (TMZ) in Treating Patients With Newly Diagnosed Glioblastoma or Gliosarcoma",2006,"PHASE3","Government/Cooperative Group","US","COMPLETED",1173,"Radiation; Cytotoxic Chemotherapy",1,"Yes",FALSE,1,1,"Secondary","controlled oral word; hopkins verbal; hvlt; hvlt-r; trail making",1,"Secondary","anderson symptom inventory; eortc; md anderson symptom; mdasi; patient-reported outcome; qlq-c30; quality of life; symptom inventory"
"NCT01903330","ERC1671/GM-CSF/Cyclophosphamide for the Treatment of Glioblastoma Multiforme",2014,"PHASE2","Industry","US","UNKNOWN",84,"Cytotoxic Chemotherapy; Targeted / Small Molecule",0,"Yes",FALSE,0,0,"None","None",0,"None","None"
"NCT00086879","Erlotinib Compared With Temozolomide or Carmustine in Treating Patients With Recurrent Glioblastoma Multiforme",2004,"PHASE2","Government/Cooperative Group","US","COMPLETED",110,"Cytotoxic Chemotherapy; Targeted / Small Molecule",0,"Yes",FALSE,0,0,"None","None",0,"None","None"
"NCT01443676","Avastin Plus Radiotherapy in Elderly Patients With Glioblastoma",2011,"PHASE2","Academic/Investigator-Initiated","US","COMPLETED",75,"Radiation; Targeted / Small Molecule",1,"Yes",FALSE,0,0,"None","None",0,"None","None"
"NCT03419403","UNITE Study: Understanding New Interventions With GBM ThErapy",2018,"PHASE3","Industry","US","TERMINATED",40,"Radiation; Cytotoxic Chemotherapy; Targeted / Small Molecule",1,"Yes",FALSE,0,0,"None","None",0,"None","None"
"NCT00995007","A Randomized Phase II Trial of Vandetanib (ZD6474) in Combination With Carboplatin Versus Carboplatin Alone Followed by Vandetanib Alone in Adults With Recurrent High-Grade Gliomas",2009,"PHASE2","Government/Cooperative Group","US","COMPLETED",112,"Cytotoxic Chemotherapy",0,"No",FALSE,0,0,"None","None",0,"None","None"
"NCT01413438","Bevacizumab With or Without Surgery for Adult Glioblastomas",2011,"PHASE2","Government/Cooperative Group","US","WITHDRAWN",,"Surgical; Targeted / Small Molecule",0,"Yes",FALSE,0,0,"None","None",1,"Secondary","health-related quality; quality of life"
"NCT00753246","Nimotuzumab in Adults With Glioblastoma Multiforma",2007,"PHASE3","Industry","US","COMPLETED",150,"Radiation; Cytotoxic Chemotherapy",1,"Yes",FALSE,0,0,"None","None",1,"Secondary","quality of life"
"NCT07356973","Irinotecan-ChemoSeed in Surgically Resectable Glioblastoma",2026,"PHASE2","Industry","US","NOT_YET_RECRUITING",147,"Surgical; Cytotoxic Chemotherapy",0,"Yes",FALSE,0,0,"None","None",0,"None","None"
"NCT02465268","Vaccine Therapy for the Treatment of Newly Diagnosed Glioblastoma Multiforme",2016,"PHASE2","Academic/Investigator-Initiated","US","COMPLETED",175,"Immunotherapy",0,"Yes",FALSE,0,0,"None","None",0,"None","None"
"NCT00941460","Comparison of Two Dosing Regimens of Temozolomide in Patients With Progressive or Recurrent Glioblastoma",2009,"PHASE2","Academic/Investigator-Initiated","US","COMPLETED",105,"Cytotoxic Chemotherapy",0,"Yes",FALSE,0,0,"None","None",0,"None","None"
"NCT00224978","Chloroquine for Treatment of Glioblastoma Multiforme",2005,"PHASE3","Academic/Investigator-Initiated","US","COMPLETED",,"Other / Investigational",0,"Yes",FALSE,0,0,"None","None",0,"None","None"
"NCT07452458","Temporally-Modulated Pulsed Radiation Therapy Versus Standard Radiation Therapy for the Treatment of Newly Diagnosed, IDH Wildtype, MGMT-Unmethylated Glioblastoma",2026,"PHASE3","Academic/Investigator-Initiated","US","NOT_YET_RECRUITING",398,"Radiation",1,"Yes",FALSE,1,1,"Primary","controlled oral word; hopkins verbal; hvlt; hvlt-r; tmt; trail making",1,"Secondary","fact-br; functional assessment of cancer therapy; quality of life"
"NCT05669820","Antisecretory Factor Glioblastoma Phase 2",2024,"PHASE2/PHASE3","Academic/Investigator-Initiated","US","RECRUITING",300,"Other / Investigational",0,"Yes",FALSE,1,1,"Exploratory","moca; montreal cognitive",1,"Exploratory","bn20; eortc; quality of life"
"NCT00003564","Procarbazine and Isotretinoin in Treating Patients With Recurrent Primary Malignant Gliomas",1999,"PHASE3","Academic/Investigator-Initiated","US","WITHDRAWN",,"Cytotoxic Chemotherapy",0,"No",FALSE,0,0,"None","None",0,"None","None"
"NCT06419946","Lomustine in Addition to Standard of Care in Patients With MGMT Methylated Glioblastoma",2025,"PHASE3","Government/Cooperative Group","US","RECRUITING",200,"Cytotoxic Chemotherapy; Tumor Treating Fields",0,"Yes",FALSE,1,1,"Secondary","Domain named, tool unspecified; finger tapping; stroop; symbol digit",1,"Secondary","eortc; quality of life"
"NCT00379470","Effect of NovoTTF-100A in Recurrent Glioblastoma Multiforme (GBM)",2006,"PHASE3","Industry","US","COMPLETED",236,"Tumor Treating Fields",0,"Yes",FALSE,0,0,"None","None",1,"Secondary","eortc; qlq-c30; quality of life"
"NCT02017717","A Study of the Effectiveness and Safety of Nivolumab Compared to Bevacizumab and of Nivolumab With or Without Ipilimumab in Glioblastoma Patients",2014,"PHASE3","Industry","US","COMPLETED",529,"Targeted / Small Molecule; Immunotherapy",0,"Yes",FALSE,0,0,"None","None",0,"None","None"
"NCT03345095","A Phase III Trial of With Marizomib in Patients With Newly Diagnosed Glioblastoma",2018,"PHASE3","Government/Cooperative Group","US","COMPLETED",749,"Radiation; Cytotoxic Chemotherapy; Targeted / Small Molecule",1,"Yes",FALSE,1,1,"Secondary","mini mental; mmse",1,"Secondary","eortc; health-related quality; hrqol; qlq-c30; quality of life"
"NCT02302235","Ketogenic Diet Treatment Adjunctive to Radiation and Chemotherapy in Glioblastoma Multiforme: a Pilot Study",2014,"PHASE2","Academic/Investigator-Initiated","US","COMPLETED",42,"Radiation",1,"Yes",FALSE,0,0,"None","None",0,"None","None"
"NCT07301268","GI-102 Alone or With Pembrolizumab Before Surgery for Treatment of Recurrent or Progressive IDH Wildtype Glioblastoma and IDH Mutated Grade 4 Astrocytoma",2026,"PHASE2","Academic/Investigator-Initiated","US","RECRUITING",36,"Surgical; Immunotherapy",0,"Yes",FALSE,0,0,"None","None",0,"None","None"
"NCT01102595","Neo-adjuvant Treatment With Temozolomide and Bevacizumab Previous to Temozolomide Plus Radiation Plus Bevacizumab Therapy in Unresectable Glioblastoma",2009,"PHASE2","Academic/Investigator-Initiated","US","COMPLETED",102,"Radiation; Cytotoxic Chemotherapy; Targeted / Small Molecule",1,"Yes",FALSE,0,0,"None","None",0,"None","None"
"NCT02343406","Adult Study: ABT-414 Alone or ABT-414 Plus Temozolomide vs. Lomustine or Temozolomide for Recurrent Glioblastoma Pediatric Study: Evaluation of ABT-414 in Children With High Grade Gliomas",2015,"PHASE2","Industry","US","COMPLETED",266,"Cytotoxic Chemotherapy; Targeted / Small Molecule",0,"No",TRUE,0,0,"None","None",0,"None","None"
"NCT06413706","A Study Comparing Abemaciclib Plus Temozolomide to Temozolomide Monotherapy in Children and Young Adults With High-grade Glioma Following Radiotherapy",2024,"PHASE2","Industry","US","ACTIVE_NOT_RECRUITING",45,"Radiation; Cytotoxic Chemotherapy",1,"No",TRUE,0,0,"None","None",0,"None","None"
"NCT00515086","Study of Everolimus (RAD001) in Patients With Recurrent Glioblastoma Multiforme (GBM)",2007,"PHASE2","Industry","US","TERMINATED",41,"Surgical; Targeted / Small Molecule",0,"Yes",FALSE,0,0,"None","None",0,"None","None"
"NCT01562197","A Randomized Phase II Clinical Trial on the Efficacy of Axitinib as a Monotherapy or in Combination With Lomustine for the Treatment of Patients With Recurrent Glioblastoma",2014,"PHASE2","Academic/Investigator-Initiated","US","COMPLETED",56,"Cytotoxic Chemotherapy",0,"Yes",FALSE,0,0,"None","None",0,"None","None"
"NCT00892177","Dasatinib and Bevacizumab in Treating Patients With Recurrent or Progressive High-Grade Glioma or Glioblastoma Multiforme",2009,"PHASE2","Academic/Investigator-Initiated","US","COMPLETED",144,"Targeted / Small Molecule",0,"No",FALSE,0,0,"None","None",1,"Secondary","fact-br; functional assessment of cancer therapy; quality of life"
"NCT02573324","A Study of ABT-414 in Participants With Newly Diagnosed Glioblastoma (GBM) With Epidermal Growth Factor Receptor (EGFR) Amplification",2015,"PHASE3","Industry","US","COMPLETED",691,"Radiation; Cytotoxic Chemotherapy; Targeted / Small Molecule",1,"Yes",FALSE,1,1,"Secondary","hopkins verbal; hvlt; hvlt-r",1,"Secondary","anderson symptom inventory; mdasi; symptom inventory"
"NCT02414165","The Toca 5 Trial: Toca 511 & Toca FC Versus Standard of Care in Patients With Recurrent High Grade Glioma",2015,"PHASE2/PHASE3","Industry","US","TERMINATED",403,"Surgical; Cytotoxic Chemotherapy; Targeted / Small Molecule; Immunotherapy",0,"No",FALSE,0,0,"None","None",0,"None","None"
"NCT05653635","Contribution From PET-DOPA in Glioblastoma Re-irradiation - A Randomized Phase II Study",2026,"PHASE2","Academic/Investigator-Initiated","US","RECRUITING",54,"Radiation",1,"Yes",FALSE,0,0,"None","None",1,"Secondary","bn20; qlq-bn20; qlq-c30; quality of life"
"NCT05303519","SIGMA (Safusidenib in IDH1 Mutant Glioma Maintenance)",2023,"PHASE3","Industry","US","RECRUITING",365,"Targeted / Small Molecule",0,"No",FALSE,0,0,"None","None",1,"Secondary","fact-br; functional assessment of cancer therapy; health-related quality; quality of life"
"NCT00075387","Combination Chemotherapy With or Without Sodium Thiosulfate in Preventing Low Platelet Count While Treating Patients With Malignant Brain Tumors",2003,"PHASE2","Academic/Investigator-Initiated","US","UNKNOWN",48,"Cytotoxic Chemotherapy",0,"No",FALSE,0,0,"None","None",1,"Secondary","quality of life"
"NCT06558214","OPTIMUS PRIME: Safety and Feasibility of OPTune GIO® Integrated With MRI-gUided Laser Ablation Surgery and Pembrolizumab for Recurrent GlIoblastoMa, A randomizEd Trial",2024,"PHASE2","Academic/Investigator-Initiated","US","RECRUITING",20,"Surgical; Tumor Treating Fields; Immunotherapy",0,"Yes",FALSE,0,0,"None","None",0,"None","None"
"NCT05118776","Study to Evaluate the Safety and Efficacy of ASC40 Tablets in Combination With Bevacizumab in Subjects With rGBM",2022,"PHASE3","Industry","US","ACTIVE_NOT_RECRUITING",136,"Targeted / Small Molecule",0,"Yes",FALSE,0,0,"None","None",0,"None","None"
"NCT05842746","Elemene Plus Stupp Protocol Versus Stupp Protocol Alone for Newly-diagnosed Glioblastoma",2023,"PHASE2","Academic/Investigator-Initiated","US","NOT_YET_RECRUITING",74,"Cytotoxic Chemotherapy",0,"Yes",FALSE,0,0,"None","None",0,"None","None"
"NCT02781792","Temozolomide Chronotherapy for High Grade Glioma",2016,"PHASE2","Academic/Investigator-Initiated","US","COMPLETED",42,"Cytotoxic Chemotherapy",0,"No",FALSE,0,0,"None","None",1,"Secondary","fact-br; quality of life"
"NCT05753007","A Clinical Trial of a Hemp-Derived, High Cannabidiol Product for Anxiety in Glioblastoma Patients",2024,"PHASE2","Academic/Investigator-Initiated","US","TERMINATED",2,"Other / Investigational",0,"Yes",FALSE,0,0,"None","None",0,"None","None"
"NCT01164189","Bevacizumab in Recurrent Grade II and III Glioma",2011,"PHASE2","Government/Cooperative Group","US","COMPLETED",155,"Cytotoxic Chemotherapy; Targeted / Small Molecule",0,"No",FALSE,1,0,"Secondary","Domain named, tool unspecified",1,"Secondary","quality of life"
"NCT01067469","Standard Dose Bevacizumab Versus Low Dose Bevacizumab Plus Lomustine (CCNU) for Recurrent Glioblastoma Multiforme (GBM)",2010,"PHASE2","Academic/Investigator-Initiated","US","COMPLETED",83,"Cytotoxic Chemotherapy; Targeted / Small Molecule",0,"Yes",FALSE,0,0,"None","None",0,"None","None"
"NCT04959500","Newly Diagnosed Glioblastoma",2021,"PHASE2","Academic/Investigator-Initiated","US","ACTIVE_NOT_RECRUITING",150,"Radiation; Cytotoxic Chemotherapy; Targeted / Small Molecule",1,"Yes",FALSE,0,0,"None","None",0,"None","None"
"NCT04175301","Effect H2 Water on QoL of Patients Receiving Radiotherapy for High Grade Gliomas.",2019,"PHASE2","Academic/Investigator-Initiated","US","ACTIVE_NOT_RECRUITING",15,"Radiation",1,"No",FALSE,1,1,"Secondary","mini-mental; mmse",1,"Secondary","bn20; eortc; qlq-bn20; qlq-c30; quality of life"
"NCT00820963","Standard Radiation Therapy, Higher-Dose Radiation Therapy, or Chemotherapy in Treating Older Patients With Glioblastoma Multiforme",2006,"PHASE3","Academic/Investigator-Initiated","US","COMPLETED",70,"Radiation; Cytotoxic Chemotherapy",1,"Yes",FALSE,0,0,"None","None",0,"None","None"
"NCT00615186","Glioblastoma Multiforme (GBM) Locoregional Agent Survival Study - Anti-tenascin Radiolabeled Antibody Therapy",2008,"PHASE3","Industry","US","TERMINATED",9,"Radiation; Cytotoxic Chemotherapy",1,"Yes",FALSE,0,0,"None","None",0,"None","None"
"NCT04105374","Testing the Addition of an Anti-cancer Viral Gene Therapy, Toca 511/Toca FC, to the Usual Treatment (Temozolomide and Radiation Therapy) for Newly Diagnosed Glioblastoma",2020,"PHASE2/PHASE3","Academic/Investigator-Initiated","US","WITHDRAWN",,"Surgical; Radiation; Cytotoxic Chemotherapy; Tumor Treating Fields; Immunotherapy",1,"No",FALSE,0,0,"None","None",0,"None","None"
"NCT03149003","A Study of DSP-7888 Dosing Emulsion in Combination With Bevacizumab in Patients With Recurrent or Progressive Glioblastoma Following Initial Therapy",2017,"PHASE3","Industry","US","COMPLETED",221,"Targeted / Small Molecule",0,"Yes",FALSE,0,0,"None","None",0,"None","None"
"NCT00083447","Study of Therapy With TransMID™ Compared to Best Standard of Care in Patients With Glioblastoma Multiforme",2004,"PHASE3","Industry","US","WITHDRAWN",323,"Targeted / Small Molecule",0,"Yes",FALSE,0,0,"None","None",1,"Secondary","quality of life"
"NCT01402063","PPX and Concurrent Radiation for Newly Diagnosed Glioblastoma Without MGMT Methylation",2011,"PHASE2","Academic/Investigator-Initiated","US","COMPLETED",63,"Radiation; Cytotoxic Chemotherapy",1,"Yes",FALSE,0,0,"None","None",0,"None","None"
"NCT07003542","A Phase 2 and Pharmacodynamic Study of Sitagliptin in Patients With Progressive Grade 4 Gliomas",2026,"PHASE2","Academic/Investigator-Initiated","US","RECRUITING",48,"Other / Investigational",0,"Yes",FALSE,0,0,"None","None",0,"None","None"
"NCT01480479","Phase III Study of Rindopepimut/GM-CSF in Patients With Newly Diagnosed Glioblastoma",2011,"PHASE3","Industry","US","COMPLETED",745,"Surgical; Cytotoxic Chemotherapy; Immunotherapy",0,"Yes",FALSE,0,0,"None","None",1,"Secondary","eortc; quality of life"
"NCT01280552","A Study of ICT-107 Immunotherapy in Glioblastoma Multiforme (GBM)",2011,"PHASE2","Industry","US","COMPLETED",124,"Surgical; Radiation; Immunotherapy",1,"Yes",FALSE,0,0,"None","None",0,"None","None"
"NCT00004200","Prinomastat Plus Temozolomide Following Radiation Therapy in Treating Patients With Newly Diagnosed Glioblastoma Multiforme",1999,"PHASE2","Industry","US","COMPLETED",,"Radiation; Cytotoxic Chemotherapy",1,"Yes",FALSE,0,0,"None","None",0,"None","None"
"NCT00075491","Neoadjuvant and Adjuvant Fenretinide Compared With Adjuvant Fenretinide Alone in Treating Patients Who Are Undergoing Surgical Resection For Recurrent Glioblastoma Multiforme",2003,"PHASE2","Government/Cooperative Group","US","TERMINATED",42,"Surgical",0,"Yes",FALSE,0,0,"None","None",0,"None","None"
"NCT00045968","Study of a Drug [DCVax®-L] to Treat Newly Diagnosed GBM Brain Cancer",2006,"PHASE3","Industry","US","UNKNOWN",348,"Immunotherapy",0,"Yes",FALSE,0,0,"None","None",0,"None","None"
"NCT00076986","The PRECISE Trial: Study of IL13-PE38QQR Compared to GLIADEL Wafer in Patients With Recurrent Glioblastoma Multiforme",2004,"PHASE3","Industry","US","COMPLETED",300,"Surgical; Cytotoxic Chemotherapy",0,"Yes",FALSE,0,0,"None","None",0,"None","None"
"NCT01567202","Study of DC Vaccination Against Glioblastoma",2012,"PHASE2","Academic/Investigator-Initiated","US","UNKNOWN",100,"Surgical; Radiation; Immunotherapy",1,"Yes",FALSE,0,0,"None","None",0,"None","None"
"NCT01805453","Angiotensin II Receptor Blockers, Steroids and Radiotherapy in Glioblastoma",2013,"PHASE3","Academic/Investigator-Initiated","US","COMPLETED",80,"Radiation",1,"Yes",FALSE,1,1,"Secondary","moca",1,"Secondary","eortc; quality of life"
"NCT00017147","S0001 RT and Carmustine With or Without O6BG in Patients With New Glioblastoma Multiforme or Gliosarcoma",2001,"PHASE3","Government/Cooperative Group","US","COMPLETED",183,"Radiation; Cytotoxic Chemotherapy",1,"Yes",FALSE,0,0,"None","None",0,"None","None"
"NCT05708352","A Phase 2 Study of the Ketogenic Diet vs Standard Anti-cancer Diet Guidance for Patients With Glioblastoma in Combination With Standard-of-care Treatment",2023,"PHASE2","Academic/Investigator-Initiated","US","RECRUITING",170,"Other / Investigational",0,"Yes",FALSE,1,1,"Secondary","Domain named, tool unspecified; hopkins verbal; hvlt; hvlt-r",1,"Secondary","fact-br; functional assessment of cancer therapy; health-related quality; quality of life"
"NCT01071837","APG101 in Glioblastoma",2009,"PHASE2","Industry","US","COMPLETED",84,"Radiation; Targeted / Small Molecule",1,"Yes",FALSE,1,0,"Secondary","Domain named, tool unspecified",1,"Secondary","quality of life"
"NCT01290939","Bevacizumab and Lomustine for Recurrent GBM",2011,"PHASE3","Government/Cooperative Group","US","COMPLETED",592,"Cytotoxic Chemotherapy; Targeted / Small Molecule",0,"Yes",FALSE,0,0,"None","None",1,"Secondary","quality of life"
"NCT00243022","Dietary, Herbal and Alternative Medicine in Glioblastoma Multiforme",2004,"PHASE2","Academic/Investigator-Initiated","US","TERMINATED",12,"Other / Investigational",0,"No",FALSE,0,0,"None","None",1,"Secondary","eortc; qlq-c30; quality of life"
"NCT00118222","High Light and Low Light Dose PDT in Glioma",2005,"PHASE3","Academic/Investigator-Initiated","US","COMPLETED",1,"Surgical",0,"No",FALSE,0,0,"None","None",0,"None","None"
"NCT00817284","Bevacizumab and Irinotecan or Bevacizumab and Temozolomide With Concomitant Radiotherapy for Primary Glioblastoma Multiforme (GBM)",2008,"PHASE2","Academic/Investigator-Initiated","US","COMPLETED",60,"Radiation; Cytotoxic Chemotherapy; Targeted / Small Molecule",1,"Yes",FALSE,0,0,"None","None",0,"None","None"
"NCT04765098","Tamoxifen Versus Etoposide After First Recurrence in GBM Patients",2022,"PHASE2","Academic/Investigator-Initiated","US","RECRUITING",60,"Cytotoxic Chemotherapy; Targeted / Small Molecule",0,"Yes",FALSE,0,0,"None","None",1,"Secondary","bn20; eortc; health-related quality; qlq-bn20"
"NCT01656980","Safety and Efficacy Study of Intracranially Implanted Carmustine to Treat Newly Diagnosed Malignant Glioma",2012,"PHASE3","Industry","US","UNKNOWN",236,"Surgical; Cytotoxic Chemotherapy",0,"No",FALSE,0,0,"None","None",1,"Secondary","quality of life"
"NCT01062425","Temozolomide and Radiation Therapy With or Without Cediranib Maleate in Treating Patients With Newly Diagnosed Glioblastoma",2010,"PHASE2","Government/Cooperative Group","US","COMPLETED",261,"Radiation; Cytotoxic Chemotherapy; Targeted / Small Molecule",1,"Yes",FALSE,0,0,"None","None",0,"None","None"
"NCT02152982","Temozolomide With or Without Veliparib in Treating Patients With Newly Diagnosed Glioblastoma Multiforme",2014,"PHASE2/PHASE3","Government/Cooperative Group","US","ACTIVE_NOT_RECRUITING",447,"Cytotoxic Chemotherapy",0,"Yes",FALSE,0,0,"None","None",1,"Exploratory","quality of life"
"NCT02617589","An Investigational Immuno-therapy Study of Nivolumab Compared to Temozolomide, Each Given With Radiation Therapy, for Newly-diagnosed Patients With Glioblastoma (GBM, a Malignant Brain Cancer)",2016,"PHASE3","Industry","US","COMPLETED",560,"Radiation; Cytotoxic Chemotherapy; Immunotherapy",1,"Yes",FALSE,0,0,"None","None",0,"None","None"
"NCT06218524","The Effectiveness of HP and TMZ Synergism on Adult Recurrence GBM",2024,"PHASE2","Academic/Investigator-Initiated","US","NOT_YET_RECRUITING",200,"Cytotoxic Chemotherapy",0,"Yes",FALSE,0,0,"None","None",0,"None","None"
"NCT00643825","Prolonged Adjuvant Temozolomide vs ""Stop & Go"" in Glioblastoma Patients",2008,"PHASE2","Academic/Investigator-Initiated","US","UNKNOWN",64,"Cytotoxic Chemotherapy",0,"Yes",FALSE,0,0,"None","None",0,"None","None"
"NCT01811121","MEDICO-ECONOMIC EVALUATION OF SURGERY GUIDED BY FLUORESCENCE FOR THE OPTIMIZATION OF RESECTION OF GLIOBLASTOMAS",2013,"PHASE3","Academic/Investigator-Initiated","US","COMPLETED",170,"Surgical",0,"Yes",FALSE,0,0,"None","None",1,"Exploratory","bn20; eortc; qlq-c30; quality of life"
"NCT04600817","A Study to Evaluate the Efficacy and Safety of TJ107 in Lympopenic Patients With Newly Diagnosed Glioblastoma Who Completed Standard Concurrent Chemoradiotherapy (CCRT)",2020,"PHASE2","Industry","US","UNKNOWN",160,"Radiation",1,"Yes",FALSE,0,0,"None","None",0,"None","None"
"NCT03243851","Study on Low Dose Temozolomide Plus Metformin or Placebo in Patient With Recurrent or Refractory Glioblastoma",2016,"PHASE2","Academic/Investigator-Initiated","US","COMPLETED",81,"Cytotoxic Chemotherapy",0,"Yes",FALSE,0,0,"None","None",1,"Secondary","bn20; eortc; qlq-bn20; qlq-c30; quality of life"
"NCT00777153","Cediranib in Combination With Lomustine Chemotherapy in Recurrent Glioblastoma",2008,"PHASE3","Industry","US","COMPLETED",423,"Cytotoxic Chemotherapy; Targeted / Small Molecule",0,"Yes",FALSE,0,0,"None","None",0,"None","None"
"NCT01860638","A Comparison of Continuous Bevacizumab (Avastin) Treatment or Placebo in Addition to Lomustine Followed by Standard of Care After Disease Progression in Participants With Glioblastoma",2013,"PHASE2","Industry","US","COMPLETED",296,"Radiation; Cytotoxic Chemotherapy; Targeted / Small Molecule",1,"Yes",FALSE,1,1,"Secondary","controlled oral word; hopkins verbal; hvlt; hvlt-r; mini mental; mmse; tmt; trail-making",1,"Secondary","bn20; eortc; eq-5d; euroqol; qlq bn20; qlq c30; quality of life"
"NCT03741244","TMZ Plus Apatinib in Newly Diagnosed High-grade Glioma：RCT",2019,"PHASE2","Academic/Investigator-Initiated","US","UNKNOWN",211,"Cytotoxic Chemotherapy; Targeted / Small Molecule",0,"No",FALSE,0,0,"None","None",0,"None","None"
"NCT03452579","Nivolumab Plus Standard Dose Bevacizumab Versus Nivolumab Plus Low Dose Bevacizumab in GBM",2018,"PHASE2","Academic/Investigator-Initiated","US","ACTIVE_NOT_RECRUITING",90,"Targeted / Small Molecule; Immunotherapy",0,"Yes",FALSE,0,0,"None","None",0,"None","None"
"NCT00112866","Cilengitide in Treating Patients Who Are Undergoing Surgery for Recurrent or Progressive Glioblastoma Multiforme",2005,"PHASE2","Government/Cooperative Group","US","TERMINATED",30,"Surgical; Targeted / Small Molecule",0,"Yes",FALSE,0,0,"None","None",0,"None","None"
"NCT02678975","Disulfiram in Recurrent Glioblastoma",2017,"PHASE2/PHASE3","Academic/Investigator-Initiated","US","COMPLETED",88,"Other / Investigational",0,"Yes",FALSE,0,0,"None","None",1,"Secondary","euroqol; quality of life"
"NCT05781321","Short Course Radiotherapy for the Treatment of Patients With Glioblastoma, SAGA Study",2023,"PHASE2","Academic/Investigator-Initiated","US","ACTIVE_NOT_RECRUITING",170,"Radiation; Cytotoxic Chemotherapy",1,"Yes",FALSE,0,0,"None","None",1,"Secondary","bn20; eortc; qlq-bn20; qlq-c30; quality of life"
"NCT04587830","ADI-PEG 20 Plus Radiotherapy and Temozolomide in Subjects With Glioblastoma Multiforme",2020,"PHASE2","Industry","US","ACTIVE_NOT_RECRUITING",100,"Radiation; Cytotoxic Chemotherapy",1,"Yes",FALSE,0,0,"None","None",0,"None","None"
"NCT00870181","ADV-TK Improves Outcome of Recurrent High-Grade Glioma",2008,"PHASE2","Academic/Investigator-Initiated","US","COMPLETED",47,"Surgical; Immunotherapy",0,"No",FALSE,0,0,"None","None",0,"None","None"
"NCT07620548","Laser Interstitial Thermal Therapy (LiTT) With Cemiplimab or Other Chemotherapy in Recurrent Glioblastomas",2026,"PHASE2","Academic/Investigator-Initiated","US","NOT_YET_RECRUITING",99,"Surgical; Immunotherapy",0,"Yes",FALSE,0,0,"None","None",1,"Secondary","bn20; eortc; health-related quality; hrqol; qlq bn20; qlq c30; quality of life"
"NCT00431561","Phase IIb Clinical Trial With TGF-β2 Antisense Compound AP 12009 for Recurrent or Refractory High-grade Glioma",2003,"PHASE2","Industry","US","COMPLETED",141,"Cytotoxic Chemotherapy",0,"No",FALSE,0,0,"None","None",1,"Secondary","quality of life"
"NCT02179086","Dose-Escalated Photon IMRT or Proton Beam Radiation Therapy Versus Standard-Dose Radiation Therapy and Temozolomide in Treating Patients With Newly Diagnosed Glioblastoma",2014,"PHASE2","Academic/Investigator-Initiated","US","ACTIVE_NOT_RECRUITING",606,"Radiation; Cytotoxic Chemotherapy",1,"Yes",FALSE,1,1,"Secondary","controlled oral word; trail making",1,"Secondary","anderson symptom inventory; symptom inventory"
"NCT07021339","Anterior Temporal Lobectomy in Temporal Glioblastoma",2024,"PHASE3","Academic/Investigator-Initiated","US","RECRUITING",178,"Surgical",0,"Yes",FALSE,1,1,"Secondary","digit span",1,"Primary","bn20; eortc; qlq-c30; quality of life"
"NCT05318612","Effectiveness of MR-guided LITT Therapy in Irresectable Glioblastoma (EMITT)",2022,"PHASE3","Academic/Investigator-Initiated","US","ACTIVE_NOT_RECRUITING",238,"Surgical",0,"Yes",FALSE,0,0,"None","None",1,"Primary","bn20; qlq-c30; quality of life"
"NCT03722355","Hyperfractionated RT With BCNU Versus Conventional RT With BCNU for Supratentorial Malignant Glioma",1990,"PHASE3","Government/Cooperative Group","US","COMPLETED",712,"Radiation; Cytotoxic Chemotherapy",1,"Yes",FALSE,0,0,"None","None",0,"None","None"
"NCT02684058","Study of Efficacy and Safety of Dabrafenib in Combination With Trametinib in Pediatric Patients With BRAF V600 Mutation Positive LGG or Relapsed or Refractory HGG Tumors",2017,"PHASE2","Industry","US","COMPLETED",151,"Cytotoxic Chemotherapy; Targeted / Small Molecule",0,"No",TRUE,0,0,"None","None",1,"Secondary","promis; quality of life"
"NCT05100641","AV-GBM-1 vs Control as Adjunctive Therapy Following Surgery and RT/TMZ in Newly Diagnosed GBM",2024,"PHASE3","Industry","US","NOT_YET_RECRUITING",672,"Surgical; Radiation; Cytotoxic Chemotherapy",1,"Yes",FALSE,0,0,"None","None",0,"None","None"
"NCT03862430","A Study of NanO2™ Combined With Radiation and Temozolomide in Patients With Newly Diagnosed GBM",2023,"PHASE2","Industry","US","ACTIVE_NOT_RECRUITING",87,"Radiation; Cytotoxic Chemotherapy",1,"Yes",FALSE,0,0,"None","None",1,"Secondary","fact-br; quality of life"
"NCT01502241","Phase III Trial of Primary Radio- or Chemotherapy in Malignant Astrocytoma of the Elderly",2005,"PHASE3","Academic/Investigator-Initiated","US","COMPLETED",412,"Radiation; Cytotoxic Chemotherapy",1,"No",FALSE,0,0,"None","None",0,"None","None"
"NCT00689221","Cilengitide, Temozolomide, and Radiation Therapy in Treating Patients With Newly Diagnosed Glioblastoma and Methylated Gene Promoter Status",2008,"PHASE3","Industry","US","COMPLETED",545,"Radiation; Cytotoxic Chemotherapy; Targeted / Small Molecule",1,"Yes",FALSE,0,0,"None","None",1,"Secondary","bn20; eortc; eq-5d; euroqol; qlq-bn20; qlq-c30; quality of life"
"NCT06388733","A Study Comparing Niraparib With Temozolomide in Adult Participants With Newly-diagnosed, MGMT Unmethylated Glioblastoma",2024,"PHASE3","Academic/Investigator-Initiated","US","ACTIVE_NOT_RECRUITING",450,"Cytotoxic Chemotherapy; Targeted / Small Molecule",0,"Yes",FALSE,1,1,"Secondary","controlled oral word; hopkins verbal; trail making; verbal fluency",1,"Secondary","bn20; eortc; eq-5d; health-related quality; hrqol; patient-reported outcome; qlq-bn20; qlq-c30; quality of life"
"NCT01765088","A Phase III Trial on Adjuvant Temozolomide With or Without Interferon-alpha in Newly Diagnosed High-grade Gliomas",2012,"PHASE3","Academic/Investigator-Initiated","US","UNKNOWN",300,"Cytotoxic Chemotherapy; Immunotherapy",0,"No",FALSE,0,0,"None","None",1,"Secondary","quality of life"
"NCT00916409","Effect of NovoTTF-100A Together With Temozolomide in Newly Diagnosed Glioblastoma Multiforme (GBM)",2009,"PHASE3","Industry","US","COMPLETED",700,"Cytotoxic Chemotherapy; Tumor Treating Fields",0,"Yes",FALSE,0,0,"None","None",0,"None","None"
"NCT02546102","Phase 3 Randomized, Double-blind, Controlled Study of ICT-107 in Glioblastoma",2024,"PHASE3","Industry","US","SUSPENDED",234,"Surgical; Radiation; Cytotoxic Chemotherapy",1,"Yes",FALSE,0,0,"None","None",0,"None","None"
"NCT05163080","SurVaxM Plus Adjuvant Temozolomide for Newly Diagnosed Glioblastoma (SURVIVE)",2021,"PHASE2","Industry","US","UNKNOWN",247,"Cytotoxic Chemotherapy",0,"Yes",FALSE,0,0,"None","None",0,"None","None"
"NCT01310855","Cediranib Maleate With or Without Gefitinib in Treating Patients With Recurrent or Progressive Glioblastoma",2011,"PHASE2","Academic/Investigator-Initiated","US","TERMINATED",38,"Targeted / Small Molecule",0,"Yes",FALSE,0,0,"None","None",0,"None","None"
"NCT03663725","Treatment Intensification With Temozolomide in Adults With a Glioblastoma",2019,"PHASE3","Academic/Investigator-Initiated","US","ACTIVE_NOT_RECRUITING",486,"Cytotoxic Chemotherapy",0,"Yes",FALSE,0,0,"None","None",0,"None","None"
"NCT00433381","Bevacizumab and Irinotecan or Temozolomide in Treating Patients With Recurrent or Refractory Glioblastoma Multiforme or Gliosarcoma",2007,"PHASE2","Government/Cooperative Group","US","COMPLETED",123,"Cytotoxic Chemotherapy; Targeted / Small Molecule",0,"Yes",FALSE,0,0,"None","None",0,"None","None"
"NCT01498328","A Study of Rindopepimut/GM-CSF in Patients With Relapsed EGFRvIII-Positive Glioblastoma",2011,"PHASE2","Industry","US","COMPLETED",127,"Targeted / Small Molecule; Immunotherapy",0,"Yes",FALSE,0,0,"None","None",0,"None","None"
"NCT01582269","A Study in Recurrent Glioblastoma (GB)",2012,"PHASE2","Industry","US","COMPLETED",158,"Cytotoxic Chemotherapy; Targeted / Small Molecule",0,"Yes",FALSE,1,1,"Secondary","hopkins verbal; hvlt; hvlt-r",1,"Secondary","anderson symptom inventory; md anderson symptom; mdasi; symptom inventory"
"NCT04840069","Radiotherapy Planning Using Fluciclovine PET in Patients With Newly Diagnosed Glioblastoma",2021,"PHASE2","Academic/Investigator-Initiated","US","UNKNOWN",100,"Radiation",1,"Yes",FALSE,0,0,"None","None",0,"None","None"
"NCT04396860","Testing the Use of the Immunotherapy Drugs Ipilimumab and Nivolumab Plus Radiation Therapy Compared to the Usual Treatment (Temozolomide and Radiation Therapy) for Newly Diagnosed MGMT Unmethylated Glioblastoma",2020,"PHASE2/PHASE3","Government/Cooperative Group","US","COMPLETED",159,"Radiation; Cytotoxic Chemotherapy; Tumor Treating Fields; Immunotherapy",1,"Yes",FALSE,1,0,"Secondary","Domain named, tool unspecified",1,"Secondary","anderson symptom inventory; md anderson symptom; mdasi; patient reported outcome; patient-reported outcome; symptom inventory"
"NCT00003788","Surgery, Radiation Therapy, and Chemotherapy With or Without Photodynamic Therapy in Treating Patients With Newly Diagnosed or Recurrent Malignant Supratentorial Gliomas",1998,"PHASE3","Academic/Investigator-Initiated","US","UNKNOWN",270,"Surgical; Radiation; Cytotoxic Chemotherapy",1,"No",FALSE,0,0,"None","None",0,"None","None"
"NCT06330337","Effect of Electroacupuncture Combined With Paclitaxel Clinical Efficacy of Patients With Recurrence of High-grade Glioma",2024,"PHASE3","Academic/Investigator-Initiated","US","RECRUITING",58,"Cytotoxic Chemotherapy",0,"No",FALSE,0,0,"None","None",1,"Secondary","quality of life"
"NCT04888611","Neoadjuvant PD-1 Antibody Alone or Combined With DC Vaccines for Recurrent Glioblastoma",2021,"PHASE2","Academic/Investigator-Initiated","US","UNKNOWN",40,"Immunotherapy",0,"Yes",FALSE,0,0,"None","None",0,"None","None"
"NCT05879120","Randomized Study of Neo-adjuvant and Adjuvant Pembrolizumab With and Without Targeted Blood Brain Barrier Opening Using Exablate MRI-guided Focused Ultrasound (Exablate MRgFUS) for Recurrent Glioblastoma",2024,"PHASE2","Academic/Investigator-Initiated","US","WITHDRAWN",,"Immunotherapy",0,"Yes",FALSE,0,0,"None","None",0,"None","None"
"NCT01149109","Efficacy and Safety Study of Lomustine/Temozolomide Combination Therapy vs. Standard Therapy for Glioblastoma Patients",2010,"PHASE3","Academic/Investigator-Initiated","US","COMPLETED",141,"Cytotoxic Chemotherapy",0,"Yes",FALSE,0,0,"None","None",1,"Secondary","quality of life"
"NCT03025893","A Phase II/III Study of High-dose, Intermittent Sunitinib in Patients With Recurrent Glioblastoma Multiforme",2018,"PHASE2/PHASE3","Academic/Investigator-Initiated","US","UNKNOWN",100,"Cytotoxic Chemotherapy; Targeted / Small Molecule",0,"Yes",FALSE,0,0,"None","None",1,"Secondary","eortc; health-related quality; hrqol; quality of life"
"NCT02060955","Randomized Phase 2 Study to Investigate Efficacy of ALECSAT in Patients With GBM Measured Compared to Avastin/Irinotecan",2014,"PHASE2","Industry","US","TERMINATED",25,"Cytotoxic Chemotherapy; Targeted / Small Molecule",0,"Yes",FALSE,0,0,"None","None",1,"Secondary","eortc; quality of life"
"NCT06177964","Lerapolturev (PVSRIPO) in GBM",2024,"PHASE2","Academic/Investigator-Initiated","US","RECRUITING",92,"Cytotoxic Chemotherapy; Immunotherapy",0,"Yes",FALSE,0,0,"None","None",0,"None","None"
"NCT07297212","A Clinical Trial Testing the Safety of the Investigational Drug Pumitamig (BNT327) and How Well it Works in Patients With Recurrent Glioblastoma",2026,"PHASE2","Industry","US","RECRUITING",75,"Cytotoxic Chemotherapy; Targeted / Small Molecule",0,"Yes",FALSE,0,0,"None","None",0,"None","None"
"NCT02206230","Trial of Hypofractionated Radiation Therapy for Glioblastoma",2014,"PHASE2","Academic/Investigator-Initiated","US","COMPLETED",133,"Radiation; Cytotoxic Chemotherapy",1,"Yes",FALSE,1,1,"Secondary","mmse",1,"Secondary","bn20; eortc; health-related quality; qlq-bn20; qlq-c30"
"NCT05095376","Testing the Addition of the Chemotherapy Drug Lomustine (Gleostine) to the Usual Treatment (Temozolomide and Radiation Therapy) for Newly Diagnosed MGMT Methylated Glioblastoma",2022,"PHASE3","Academic/Investigator-Initiated","US","ACTIVE_NOT_RECRUITING",265,"Radiation; Cytotoxic Chemotherapy",1,"Yes",FALSE,0,0,"None","None",1,"Secondary","anderson symptom inventory; md anderson symptom; mdasi; patient reported outcome; symptom inventory"
"NCT04223999","Improving Tumor Treating Fields Treatment for Brain Cancer Patients With Skullremodeling Surgery (Neurosurgery)",2020,"PHASE2","Academic/Investigator-Initiated","US","UNKNOWN",70,"Surgical; Tumor Treating Fields",0,"Yes",FALSE,0,0,"None","None",1,"Secondary","bn20; qlq-bn20; qlq-c30; quality of life"
"NCT07225621","Adjuvant Temozolomide ± 5-Aminolevulinic Acid + Low Intensity Diffuse Ultrasound Sonodynamic Therapy System for Newly Diagnosed Glioblastoma",2026,"PHASE2","Industry","US","RECRUITING",103,"Surgical; Radiation; Cytotoxic Chemotherapy",1,"Yes",FALSE,0,0,"None","None",0,"None","None"
"NCT01252459","Amino-acid PET Versus MRI Guided Re-irradiation in Patients With Recurrent Glioblastoma Multiforme",2011,"PHASE2","Academic/Investigator-Initiated","US","UNKNOWN",200,"Radiation",1,"Yes",FALSE,0,0,"None","None",1,"Secondary","eortc; quality of life"
"NCT00238303","Vorinostat in Treating Patients With Progressive or Recurrent Glioblastoma Multiforme",2005,"PHASE2","Government/Cooperative Group","US","COMPLETED",103,"Surgical",0,"Yes",FALSE,0,0,"None","None",0,"None","None"
"NCT02337491","Pembrolizumab +/- Bevacizumab for Recurrent GBM",2015,"PHASE2","Academic/Investigator-Initiated","US","COMPLETED",80,"Targeted / Small Molecule; Immunotherapy",0,"Yes",FALSE,0,0,"None","None",0,"None","None"
"NCT07347210","Evaluation of UCPVax Vaccine +/- Pembrolizumab Combined With Standard Treatment as Adjuvant Therapy in Patients With Unmethylated MGMT Glioblastoma",2026,"PHASE2","Academic/Investigator-Initiated","US","NOT_YET_RECRUITING",98,"Cytotoxic Chemotherapy; Immunotherapy",0,"Yes",FALSE,0,0,"None","None",1,"Secondary","bn20; eortc; health-related quality; hrqol; qlqc30; quality of life"
"NCT03008148","Phase II/III Trial of CCRT With or Without JP001 for Newly Diagnosed GBM",2018,"PHASE2/PHASE3","Industry","US","UNKNOWN",288,"Radiation; Cytotoxic Chemotherapy",1,"Yes",FALSE,0,0,"None","None",1,"Secondary","bn20; eortc; qlq-bn20; qlq-c30"
"NCT02432417","The Addition of Chloroquine to Chemoradiation for Glioblastoma,",2023,"PHASE2","Academic/Investigator-Initiated","US","WITHDRAWN",,"Radiation",1,"Yes",FALSE,0,0,"None","None",0,"None","None"
"NCT02974621","Cediranib Maleate and Olaparib Compared to Bevacizumab in Treating Patients With Recurrent Glioblastoma",2017,"PHASE2","Government/Cooperative Group","US","ACTIVE_NOT_RECRUITING",70,"Targeted / Small Molecule",0,"Yes",FALSE,0,0,"None","None",0,"None","None"
"NCT05447195","Phase 2 Study of CAN008 in Subjects With GBM",2021,"PHASE2","Industry","US","UNKNOWN",117,"Radiation; Cytotoxic Chemotherapy",1,"Yes",FALSE,0,0,"None","None",0,"None","None"
"NCT05902169","Sonocloud-9 in Association With Carboplatin Versus Standard-of-Care Chemotherapies (CCNU or TMZ) in Recurrent GBM",2024,"PHASE3","Industry","US","RECRUITING",560,"Surgical; Cytotoxic Chemotherapy",0,"Yes",FALSE,0,0,"None","None",0,"None","None"
"NCT02511405","A Phase 3, Pivotal Trial of VB-111 Plus Bevacizumab vs. Bevacizumab in Patients With Recurrent Glioblastoma (GLOBE)",2015,"PHASE3","Industry","US","COMPLETED",252,"Targeted / Small Molecule",0,"Yes",FALSE,0,0,"None","None",0,"None","None"
"NCT04406272","VB-111 in Surgically Accessible Recurrent/Progressive GBM",2020,"PHASE2","Academic/Investigator-Initiated","US","TERMINATED",15,"Surgical; Targeted / Small Molecule",0,"Yes",FALSE,0,0,"None","None",0,"None","None"
"NCT00093964","Cilengitide (EMD 121974) for Recurrent Glioblastoma Multiforme (Brain Tumor)",2004,"PHASE2","Industry","US","COMPLETED",81,"Targeted / Small Molecule",0,"Yes",FALSE,0,0,"None","None",0,"None","None"
"NCT02977780","INdividualized Screening Trial of Innovative Glioblastoma Therapy (INSIGhT)",2017,"PHASE2","Academic/Investigator-Initiated","US","RECRUITING",460,"Cytotoxic Chemotherapy",0,"Yes",FALSE,0,0,"None","None",0,"None","None"
"NCT06816927","Trial of Glioblastoma Immunotherapy Advancement With Nivolumab and Relatlimab",2025,"PHASE2","Academic/Investigator-Initiated","US","RECRUITING",92,"Radiation; Cytotoxic Chemotherapy; Immunotherapy",1,"Yes",FALSE,0,0,"None","None",0,"None","None"
"NCT03688178","DC Migration Study to Evaluate TReg Depletion In GBM Patients With and Without Varlilumab",2020,"PHASE2","Academic/Investigator-Initiated","US","ACTIVE_NOT_RECRUITING",43,"Cytotoxic Chemotherapy",0,"Yes",FALSE,0,0,"None","None",0,"None","None"
"NCT00430911","Radiotherapy for Malignant Astrocytomas in the Elderly",2001,"PHASE3","Academic/Investigator-Initiated","US","COMPLETED",,"Radiation",1,"No",FALSE,1,0,"Secondary","Domain named, tool unspecified",1,"Secondary","quality of life"
"NCT06328036","Testing the Combination of Anti-cancer Drugs Tiragolumab and Atezolizumab to Improve Outcomes for Patients With Recurrent Glioblastoma",2025,"PHASE2","Government/Cooperative Group","US","WITHDRAWN",,"Surgical; Immunotherapy",0,"Yes",FALSE,0,0,"None","None",0,"None","None"
"NCT07349693","Comparison of Cerebraca Wafer Plus Temozolomide Versus Temozolomide Alone in Recurrent Glioblastoma",2026,"PHASE2/PHASE3","Industry","US","NOT_YET_RECRUITING",175,"Cytotoxic Chemotherapy",0,"Yes",FALSE,0,0,"None","None",0,"None","None"
"NCT04115761","Evaluate the Efficacy and Safety of ADCV01 As an Add-On Treatment for Primary Glioblastoma Multiforme (GBM) Patients",2019,"PHASE2","Industry","US","RECRUITING",24,"Immunotherapy",0,"Yes",FALSE,0,0,"None","None",0,"None","None"
"NCT04762069","A Study of Berubicin in Adult Subjects With Recurrent Glioblastoma Multiforme",2021,"PHASE2","Industry","US","ACTIVE_NOT_RECRUITING",252,"Cytotoxic Chemotherapy",0,"Yes",FALSE,0,0,"None","None",1,"Exploratory","patient-reported outcome"
"NCT02715297","Adjuvant Stereotactic Fractionated Radiotherapy to the Resection Cavity in Recurrent Glioblastoma",2016,"PHASE2","Academic/Investigator-Initiated","US","UNKNOWN",162,"Surgical; Radiation",1,"Yes",FALSE,1,1,"Secondary","california verbal learning; cvlt; trail-making",1,"Secondary","eortc; qlq-c30; quality of life"
"NCT00923117","Sunitinib to Treat Recurrent Brain Cancer",2008,"PHASE2","Government/Cooperative Group","US","TERMINATED",87,"Targeted / Small Molecule",0,"No",FALSE,0,0,"None","None",0,"None","None"
"NCT05904119","Lomustine With and Without Reirradiation for First Progression of Glioblastoma: a Randomized Phase III Study",2024,"PHASE3","Government/Cooperative Group","US","RECRUITING",411,"Radiation; Cytotoxic Chemotherapy",1,"Yes",FALSE,1,1,"Secondary","mini mental; mmse",1,"Secondary","bn20; eortc; health-related quality; hrqol; qlq-bn20; qlq-c30; quality of life"
"NCT02209948","Temozolomide 12 Cycles Versus 6 Cycles of Standard First-line Treatment in Patients With Glioblastoma.",2014,"PHASE2","Academic/Investigator-Initiated","US","COMPLETED",166,"Cytotoxic Chemotherapy",0,"Yes",FALSE,0,0,"None","None",0,"None","None"
"NCT00003293","SU-101 Compared With Procarbazine in Treating Patients With Glioblastoma Multiforme",1998,"PHASE3","Industry","US","COMPLETED",,"Cytotoxic Chemotherapy",0,"Yes",FALSE,0,0,"None","None",0,"None","None"
"NCT01730950","Bevacizumab With or Without Radiation Therapy in Treating Patients With Recurrent Glioblastoma",2012,"PHASE2","Government/Cooperative Group","US","COMPLETED",182,"Radiation; Targeted / Small Molecule",1,"Yes",FALSE,0,0,"None","None",0,"None","None"
"NCT01390948","A Study of Bevacizumab (Avastin) in Combination With Temozolomide (TMZ) and Radiotherapy in Paediatric and Adolescent Participants With High-Grade Glioma",2011,"PHASE2","Industry","US","COMPLETED",124,"Radiation; Cytotoxic Chemotherapy; Targeted / Small Molecule",1,"No",TRUE,1,1,"Secondary","wechsler; wisc",0,"None","None"
"NCT04817254","Association of Peripheral Blood Immunologic Response to Therapeutic Response to Adjuvant Treatment With Immune Checkpoint Inhibition (ICI) in Patients With Newly Diagnosed Glioblastoma or Gliosarcoma",2021,"PHASE2","Government/Cooperative Group","US","COMPLETED",47,"Cytotoxic Chemotherapy; Immunotherapy",0,"Yes",FALSE,0,0,"None","None",1,"Secondary","mdasi; patient reported outcome; quality of life"
"NCT02986178","Lerapolturev in Recurrent Malignant Glioma",2017,"PHASE2","Industry","US","COMPLETED",121,"Cytotoxic Chemotherapy; Immunotherapy",0,"No",FALSE,0,0,"None","None",0,"None","None"
"NCT06496971","A Prospective Pivotal Study to Evaluate the Efficacy and Safety of Avastin® Bevacizumab (BEV) With or Without Microbubble-mediated Focused Ultrasound (FUS-MB) Using NaviFUS System in Recurrent Glioblastoma Multiforme Patients",2024,"PHASE3","Industry","US","RECRUITING",32,"Targeted / Small Molecule",0,"Yes",FALSE,1,1,"Secondary","mini-mental; mmse",1,"Secondary","bn20; eortc; health-related quality; qlq-bn20; qlq-c30; quality of life"
"NCT00335075","Efficacy and Safety of Temodal vs Semustine in Subjects With Recurrent Glioblastoma or Anaplastic Astrocytoma (Study P03644)",2005,"PHASE3","Industry","US","COMPLETED",151,"Cytotoxic Chemotherapy",0,"No",FALSE,0,0,"None","None",1,"Secondary","health-related quality; quality of life"
"NCT06356883","Intraarterial Carboplatin + Caelyx vs Intraarterial Carboplatin + Etoposide Phosphate for Progressing Glioblastoma",2025,"PHASE2","Academic/Investigator-Initiated","US","RECRUITING",120,"Cytotoxic Chemotherapy",0,"Yes",FALSE,1,1,"Secondary","moca; montreal cognitive",1,"Secondary","quality of life"
"NCT06448286","PH Weighted Chemical Exchange Saturation Transfer MRI-Based Surgical Resection to Improve Survival in Patients With Glioblastoma",2026,"PHASE3","Academic/Investigator-Initiated","US","NOT_YET_RECRUITING",60,"Surgical; Radiation; Cytotoxic Chemotherapy",1,"Yes",FALSE,0,0,"None","None",1,"Secondary","quality of life"
"NCT06936046","Enhanced Adjuvant Therapy for Newly Diagnosed GBM With Partial Surgical Resection or Short-term Progression",2025,"PHASE2","Academic/Investigator-Initiated","US","RECRUITING",200,"Surgical; Radiation",1,"Yes",FALSE,0,0,"None","None",1,"Secondary","eortc; qlq-c30; quality of life"
"NCT00884741","Temozolomide and Radiation Therapy With or Without Bevacizumab in Treating Patients With Newly Diagnosed Glioblastoma",2009,"PHASE3","Government/Cooperative Group","US","COMPLETED",637,"Radiation; Cytotoxic Chemotherapy; Targeted / Small Molecule",1,"Yes",FALSE,1,1,"Exploratory","controlled oral word; cowat; hopkins verbal; hvlt; hvlt-r; trail making",1,"Exploratory","anderson symptom inventory; eortc; mdasi; qlq-c30; quality of life; symptom inventory"
"NCT00807027","Clinical Trial to Assess the Efficacy and Safety of 'Immuncell-LC' With Temozolomide in Newly Diagnosed Glioblastoma of Korea",2008,"PHASE3","Industry","US","COMPLETED",180,"Cytotoxic Chemotherapy",0,"Yes",FALSE,0,0,"None","None",0,"None","None"
"NCT03970447","A Trial to Evaluate Multiple Regimens in Newly Diagnosed and Recurrent Glioblastoma",2019,"PHASE2/PHASE3","Academic/Investigator-Initiated","US","RECRUITING",2250,"Radiation; Cytotoxic Chemotherapy; Targeted / Small Molecule",1,"Yes",FALSE,0,0,"None","None",0,"None","None"
"NCT03018288","Radiation Therapy Plus Temozolomide and Pembrolizumab With and Without HSPPC-96 in Newly Diagnosed Glioblastoma (GBM)",2017,"PHASE2","Government/Cooperative Group","US","TERMINATED",90,"Surgical; Radiation; Cytotoxic Chemotherapy; Immunotherapy",1,"Yes",FALSE,0,0,"None","None",1,"Secondary","anderson symptom inventory; md anderson symptom; mdasi; symptom inventory"
"NCT01204684","Dendritic Cell Vaccine for Patients With Brain Tumors",2010,"PHASE2","Academic/Investigator-Initiated","US","COMPLETED",24,"Immunotherapy",0,"No",FALSE,0,0,"None","None",0,"None","None"
"NCT06780592","Vebreltinib Combined With Temozolomide for Glioblastoma (GBM) After Surgery",2025,"PHASE2","Academic/Investigator-Initiated","US","NOT_YET_RECRUITING",60,"Surgical; Cytotoxic Chemotherapy",0,"Yes",FALSE,0,0,"None","None",0,"None","None"
"NCT01507506","Phase III Study Comparing 2 Brain Conformational Radiotherapy in Combination With Chemotherapy in the Treatment of Glioblastoma",2011,"PHASE3","Academic/Investigator-Initiated","US","TERMINATED",180,"Radiation",1,"Yes",FALSE,0,0,"None","None",0,"None","None"
"NCT00068952","Study of IV Edotecarin Vs Temozolomide or Carmustine (BCNU) or Lomustine (CCNU) in Patients With Glioblastoma Multiforme",2003,"PHASE3","Industry","US","COMPLETED",118,"Cytotoxic Chemotherapy",0,"Yes",FALSE,0,0,"None","None",0,"None","None"
"NCT07130149","Sonodynamic-Chemoradiotherapy Integration in Glioblastoma",2024,"PHASE2","Academic/Investigator-Initiated","US","ENROLLING_BY_INVITATION",230,"Radiation",1,"Yes",FALSE,0,0,"None","None",0,"None","None"
"NCT04765514","Chemoradiotherapy Versus Chemotherapy for Elderly and Frail GBM Patients",2022,"PHASE2","Academic/Investigator-Initiated","US","RECRUITING",107,"Radiation; Cytotoxic Chemotherapy",1,"Yes",FALSE,1,1,"Secondary","moca; montreal cognitive",1,"Secondary","bn20; eortc; qlq-bn20; qlq-c30; quality of life"
"NCT00114309","131-I-TM-601 Study in Adults With Recurrent High-Grade Glioma",2004,"PHASE2","Industry","US","UNKNOWN",66,"Targeted / Small Molecule",0,"No",FALSE,0,0,"None","None",1,"Secondary","quality of life"
"NCT04116411","A Clinical Trial Evaluating the Efficacy of Valganciclovir in Glioblastoma Patients",2019,"PHASE2","Academic/Investigator-Initiated","US","ACTIVE_NOT_RECRUITING",220,"Radiation; Cytotoxic Chemotherapy; Immunotherapy",1,"Yes",FALSE,1,1,"Secondary","mini mental; mmse",1,"Secondary","bn20; eortc; quality of life"
"NCT06556563","EF-41/KEYNOTE D58: Phase 3 Study of Optune Concomitant With Temozolomide Plus Pembrolizumab in Newly Diagnosed Glioblastoma",2025,"PHASE3","Industry","US","RECRUITING",741,"Cytotoxic Chemotherapy; Tumor Treating Fields; Immunotherapy",0,"Yes",FALSE,0,0,"None","None",0,"None","None"
"NCT00967330","A Study of Avastin (Bevacizumab) and Irinotecan Versus Temozolomide Radiochemistry in Patients With Glioblastoma",2010,"PHASE2","Industry","US","COMPLETED",182,"Cytotoxic Chemotherapy; Targeted / Small Molecule",0,"Yes",FALSE,1,1,"Secondary","mini-mental; mmse",1,"Secondary","bn20; eortc; qlq-bn20; qlq-c30; quality of life"
"NCT06687681","Injection of Active Allogeneic Natural Killer Cells in Patients With Gliomas",2024,"PHASE2","Industry","US","RECRUITING",40,"Immunotherapy",0,"No",FALSE,0,0,"None","None",0,"None","None"
"NCT04277221","ADCTA for Adjuvant Immunotherapy in Standard Treatment of Recurrent Glioblastoma Multiforme (GBM)",2019,"PHASE3","Industry","US","UNKNOWN",118,"Immunotherapy",0,"Yes",FALSE,0,0,"None","None",0,"None","None"
"NCT00482677","Radiation Therapy With or Without Temozolomide in Treating Older Patients With Newly Diagnosed Glioblastoma Multiforme",2007,"PHASE3","Government/Cooperative Group","US","COMPLETED",562,"Radiation; Cytotoxic Chemotherapy",1,"Yes",FALSE,0,0,"None","None",0,"None","None"
"NCT04195139","Nivolumab and Temozolomide Versus Temozolomide Alone in Newly Diagnosed Elderly Patients With GBM",2018,"PHASE2","Academic/Investigator-Initiated","US","ACTIVE_NOT_RECRUITING",103,"Cytotoxic Chemotherapy; Immunotherapy",0,"Yes",FALSE,0,0,"None","None",1,"Secondary","bn20; eortc; eq-5d; euroqol; qlq-bn20; qlq-c30; quality of life"
"NCT04588987","Neoadjuvant Carilizumab and Apatinib for Recurrent High-Grade Glioma",2020,"PHASE2","Academic/Investigator-Initiated","US","UNKNOWN",60,"Targeted / Small Molecule; Immunotherapy",0,"No",FALSE,0,0,"None","None",0,"None","None"
"NCT02014844","Phase 2 Study to Investigate the Efficacy and Safety of Aldoxorubicin in Subjects With Glioblastoma",2014,"PHASE2","Industry","US","COMPLETED",28,"Surgical; Radiation; Cytotoxic Chemotherapy",1,"Yes",FALSE,0,0,"None","None",0,"None","None"
"NCT04674527","Pilot Study of Elemene in Treating Patients With Refractory Glioblastoma",2021,"PHASE2","Academic/Investigator-Initiated","US","UNKNOWN",30,"Cytotoxic Chemotherapy",0,"Yes",FALSE,0,0,"None","None",0,"None","None"
"NCT07195591","Beginning Radiation Immediately With GammaTile at GBM Excision Versus Standard of Care",2025,"PHASE3","Industry","US","RECRUITING",766,"Surgical; Radiation; Cytotoxic Chemotherapy",1,"Yes",FALSE,0,0,"None","None",1,"Secondary","fact-br; functional assessment of cancer therapy; quality of life"
"NCT01022918","Evaluation of the Irinotecan/Bevacizumab Association for Naive Unresectable Glioblastoma",2009,"PHASE2","Academic/Investigator-Initiated","US","COMPLETED",134,"Radiation; Cytotoxic Chemotherapy; Targeted / Small Molecule",1,"Yes",FALSE,0,0,"None","None",1,"Secondary","bn20; qlq-bn20; quality of life"
"NCT01236560","Vorinostat, Temozolomide, or Bevacizumab in Combination With Radiation Therapy Followed by Bevacizumab and Temozolomide in Young Patients With Newly Diagnosed High-Grade Glioma",2011,"PHASE2/PHASE3","Government/Cooperative Group","US","COMPLETED",101,"Radiation; Cytotoxic Chemotherapy; Targeted / Small Molecule",1,"No",FALSE,0,0,"None","None",0,"None","None"
"NCT05685004","Study of Neoantigen-specific Adoptive T Cell Therapy for Newly Diagnosed MGMT Negative Glioblastoma Multiforme (GBM)",2023,"PHASE2/PHASE3","Industry","US","ACTIVE_NOT_RECRUITING",120,"Radiation; Cytotoxic Chemotherapy",1,"Yes",FALSE,0,0,"None","None",0,"None","None"
"NCT00190424","Randomized Phase 2 With CpG-ODN in Malignant Glioblastoma",2005,"PHASE2","Academic/Investigator-Initiated","US","COMPLETED",80,"Immunotherapy",0,"Yes",FALSE,0,0,"None","None",0,"None","None"
"NCT06105619","A Study of PLB1001 Enteric Capsules in the Treatment of sGBM/IDH Mutant Glioblastoma Patients With the ZM Fusion Gene (FUGEN).",2018,"PHASE2/PHASE3","Industry","US","ACTIVE_NOT_RECRUITING",84,"Cytotoxic Chemotherapy",0,"Yes",FALSE,0,0,"None","None",1,"Secondary","bn20; eortc; qlq-bn20; qlq-c30; quality of life"
"NCT05463848","Surgical Pembro +/- Olaparib w TMZ for rGBM",2022,"PHASE2","Academic/Investigator-Initiated","US","RECRUITING",78,"Surgical; Cytotoxic Chemotherapy; Targeted / Small Molecule; Immunotherapy",0,"Yes",FALSE,0,0,"None","None",0,"None","None"
"NCT01137604","A Study in Subjects With Recurrent Malignant Glioma",2010,"PHASE2","Industry","US","COMPLETED",151,"Targeted / Small Molecule",0,"No",FALSE,0,0,"None","None",0,"None","None"
"NCT01364064","Conventional Adjuvant Temozolomide With Dose Intensive Temozolomide in Patients With Newly Diagnosed Glioblastoma",2007,"PHASE3","Academic/Investigator-Initiated","US","COMPLETED",1153,"Cytotoxic Chemotherapy",0,"Yes",FALSE,0,0,"None","None",0,"None","None"
"NCT04536649","Proton and Heavy Ion Beam Radiation vs. Photon Beam Radiation for Newly Diagnosed Glioblastoma.",2020,"PHASE3","Academic/Investigator-Initiated","US","UNKNOWN",369,"Radiation",1,"Yes",FALSE,1,1,"Secondary","mini-mental; mmse",0,"None","None"
"NCT01609790","Bevacizumab With or Without Trebananib in Treating Patients With Recurrent Brain Tumors",2012,"PHASE2","Government/Cooperative Group","US","COMPLETED",137,"Targeted / Small Molecule",0,"No",FALSE,0,0,"None","None",0,"None","None"
"NCT02794883","Tremelimumab and Durvalumab in Combination or Alone in Treating Patients With Recurrent Malignant Glioma",2016,"PHASE2","Academic/Investigator-Initiated","US","COMPLETED",36,"Surgical; Immunotherapy",0,"Yes",FALSE,0,0,"None","None",0,"None","None"
"NCT04933942","Phase II Trial of Romiplostim for Thrombocytopenia Induced by Lomustine at First Progression of MGMT Promoter-meth Glioblastoma",2022,"PHASE2","Government/Cooperative Group","US","WITHDRAWN",,"Cytotoxic Chemotherapy",0,"Yes",FALSE,0,0,"None","None",1,"Secondary","eortc; health-related quality; hrqol; qlq-c30; quality of life"
"NCT06805305","DOC1021 Dendritic Cell Immunotherapy for Treatment of Newly Diagnosed Adult Glioblastoma (GBM)",2025,"PHASE2","Industry","US","RECRUITING",180,"Surgical; Radiation; Cytotoxic Chemotherapy; Immunotherapy",1,"Yes",FALSE,0,0,"None","None",1,"Exploratory","bn20; eortc; health-related quality; qlq-bn20; quality of life"
"NCT05629702","ARISTOCRAT: Blinded Trial of Temozolomide +/- Cannabinoids",2023,"PHASE2","Academic/Investigator-Initiated","US","RECRUITING",120,"Cytotoxic Chemotherapy",0,"Yes",FALSE,0,0,"None","None",1,"Secondary","eortc; health-related quality; hrqol; qlq-c30; quality of life"
"NCT02366728","DC Migration Study for Newly-Diagnosed GBM",2015,"PHASE2","Academic/Investigator-Initiated","US","COMPLETED",64,"Cytotoxic Chemotherapy; Immunotherapy",0,"Yes",FALSE,0,0,"None","None",0,"None","None"
"NCT04614493","Innovative SonoCloud-9 Device for Blood Brain Barrier Opening in First Line Temozolomide Glioblastoma Patients.",2021,"PHASE2","Academic/Investigator-Initiated","US","UNKNOWN",66,"Radiation; Cytotoxic Chemotherapy",1,"Yes",FALSE,1,1,"Secondary","mini mental",1,"Secondary","bn20; eortc; quality of life"
"NCT03776071","A Trial of Enzastaurin Plus Temozolomide During and Following Radiation Therapy in Patients With Newly Diagnosed Glioblastoma With or Without the Novel Genomic Biomarker, DGM1",2020,"PHASE3","Industry","US","COMPLETED",260,"Radiation; Cytotoxic Chemotherapy; Targeted / Small Molecule",1,"Yes",FALSE,0,0,"None","None",0,"None","None"
"NCT01854554","Glioblastoma Multiforme (GBM) Proton vs. Intensity Modulated Radiotherapy (IMRT)",2013,"PHASE2","Academic/Investigator-Initiated","US","COMPLETED",90,"Radiation",1,"Yes",FALSE,1,1,"Primary","hvlt; hvlt-r; tmt",0,"None","None"
"NCT04250922","LAM561 With RT and TMZ for Adults With Glioblastoma",2019,"PHASE2/PHASE3","Industry","US","ACTIVE_NOT_RECRUITING",144,"Radiation; Cytotoxic Chemotherapy",1,"Yes",FALSE,0,0,"None","None",1,"Secondary","bn20; eortc; health-related quality; hrqol; qlq c30; qlq-bn20; qlq-c30; quality of life"
"NCT00002545","Radiation Therapy Plus Chemotherapy in Treating Patients With Supratentorial Glioblastoma Multiforme",1994,"PHASE3","Government/Cooperative Group","US","COMPLETED",200,"Surgical; Radiation; Cytotoxic Chemotherapy",1,"Yes",FALSE,0,0,"None","None",0,"None","None"
"NCT00562419","CT-322 in Treating Patients With Recurrent Glioblastoma Multiforme and Combination Therapy With Irinotecan",2007,"PHASE2","Industry","US","UNKNOWN",72,"Cytotoxic Chemotherapy",0,"Yes",FALSE,0,0,"None","None",0,"None","None"
"NCT07326566","Study of Silevertinib With Temozolomide for the Treatment of Newly Diagnosed GBM With Unmethylated MGMT and EGFRvIII",2026,"PHASE2","Industry","US","RECRUITING",162,"Cytotoxic Chemotherapy",0,"Yes",FALSE,0,0,"None","None",0,"None","None"
"NCT01587144","Safety and Efficacy Study of Lucanthone When Used in Combination With Temozolomide(TMZ) and Radiation to Treat Glioblastoma Multiforme(GBM)",2012,"PHASE2","Industry","US","TERMINATED",18,"Radiation; Cytotoxic Chemotherapy",1,"Yes",FALSE,0,0,"None","None",0,"None","None"
"NCT03633552","Efficacy of Two Temozolomide Regimens in Adjuvant Treatment of Patients With Brain High Grade Glioma",2018,"PHASE3","Academic/Investigator-Initiated","US","UNKNOWN",62,"Cytotoxic Chemotherapy",0,"No",FALSE,0,0,"None","None",0,"None","None"
"NCT02330991","A Trial of One-week on/One-week Off Temozolomide Versus Continuous Dose-Intense Temozolomide in Patients With Glioblastoma Multiforme at First Relapse",2015,"PHASE2","Academic/Investigator-Initiated","US","COMPLETED",204,"Cytotoxic Chemotherapy",0,"Yes",FALSE,0,0,"None","None",0,"None","None"
"NCT03149575","VAL-083 Phase 3 Study in Temozolomide-Avastin (Bevacizumab) Recurrent GBM",2017,"PHASE3","Industry","US","TERMINATED",2,"Radiation; Cytotoxic Chemotherapy; Targeted / Small Molecule",1,"Yes",FALSE,0,0,"None","None",1,"Secondary","anderson symptom inventory; md anderson symptom; mdasi; quality of life; symptom inventory"
"NCT05694416","Etoposide Plus Cisplatin Compared With Temozolomide in Patients With Glioblastoma",2023,"PHASE2","Academic/Investigator-Initiated","US","UNKNOWN",60,"Cytotoxic Chemotherapy",0,"Yes",FALSE,0,0,"None","None",0,"None","None"
"NCT05439278","Conventional Versus Hypofractionated Radiotherapy With Temozolomide in Elderly Glioblastoma",2025,"PHASE3","Academic/Investigator-Initiated","US","RECRUITING",178,"Radiation; Cytotoxic Chemotherapy",1,"Yes",FALSE,0,0,"None","None",1,"Secondary","bn20; eortc; qlq-bn20; qlq-c30; quality of life"
"NCT04157478","Addition of Anlotinib Hydrochloride to the Stupp Regimen Versus the Stupp Regimen Alone for Newly Diagnosed Glioblastoma",2020,"PHASE2","Academic/Investigator-Initiated","US","UNKNOWN",464,"Radiation; Cytotoxic Chemotherapy; Targeted / Small Molecule",1,"Yes",FALSE,0,0,"None","None",0,"None","None"
"NCT00052455","Temozolomide Compared to Procarbazine, Lomustine, and Vincristine in Treating Patients With Recurrent Malignant Glioma",2002,"PHASE3","Academic/Investigator-Initiated","US","COMPLETED",500,"Cytotoxic Chemotherapy",0,"No",FALSE,0,0,"None","None",1,"Secondary","eortc; qlq-c30; quality of life"
"NCT02926222","Regorafenib in Relapsed Glioblastoma",2015,"PHASE2","Academic/Investigator-Initiated","US","COMPLETED",119,"Cytotoxic Chemotherapy; Targeted / Small Molecule",0,"Yes",FALSE,0,0,"None","None",1,"Exploratory","eortc; quality of life"
"NCT06359379","Ropidoxuridine as a Radiosensitizer in Newly Diagnosed IDH-Wildtype Glioblastoma With Unmethylated MGMT Promoter",2024,"PHASE2","Industry","US","TERMINATED",30,"Radiation",1,"Yes",FALSE,0,0,"None","None",0,"None","None"
"NCT01068782","Multiple Doses and Regimens of Cabozantinib in Subjects With Grade IV Astrocytic Tumors in First or Second Relapse",2010,"PHASE2","Industry","US","TERMINATED",19,"Targeted / Small Molecule",0,"Yes",FALSE,0,0,"None","None",0,"None","None"
"NCT01285414","Verubulin, Radiation Therapy, and Temozolomide to Treat Patients With Newly Diagnosed Glioblastoma Multiforme",2010,"PHASE2","Industry","US","COMPLETED",5,"Radiation; Cytotoxic Chemotherapy",1,"Yes",FALSE,0,0,"None","None",0,"None","None"
"NCT06160206","Retifanlimab with Bevacizumab and Hypofractionated Radiotherapy for the Treatment of Recurrent Glioblastoma",2024,"PHASE2","Academic/Investigator-Initiated","US","RECRUITING",134,"Radiation; Targeted / Small Molecule",1,"Yes",FALSE,0,0,"None","None",0,"None","None"
"NCT01602588","A Randomised Trial Investigating the Additional Benefit of Hydroxychloroquine(HCQ)to Short Course Radiotherapy (SCRT) in Patients Aged 70 Years and Older With High Grade Gliomas (HGG)",2013,"PHASE2","Academic/Investigator-Initiated","US","COMPLETED",54,"Radiation",1,"No",FALSE,0,0,"None","None",0,"None","None"
"NCT02177578","Subventricular Zone (SVZ) and Temozolomide in Glioblastoma Multiforme",2014,"PHASE2","Academic/Investigator-Initiated","US","ACTIVE_NOT_RECRUITING",60,"Radiation; Cytotoxic Chemotherapy",1,"Yes",FALSE,1,1,"Secondary","Domain named, tool unspecified; brief visuospatial; controlled oral word; cowat; digit span; digit symbol; hopkins verbal; trail making",1,"Secondary","quality of life"
"NCT00814593","Lymphokine-Activated Killer Cells or Gliadel Wafer in Treating Patients With Newly Diagnosed Glioblastoma Multiforme That Can Be Removed by Surgery",2008,"PHASE2","Industry","US","WITHDRAWN",,"Surgical; Cytotoxic Chemotherapy",0,"Yes",FALSE,0,0,"None","None",0,"None","None"
"NCT01308632","Metronomic Temozolamide in Patients With Recurrent Glioblastoma",2007,"PHASE2/PHASE3","Academic/Investigator-Initiated","US","UNKNOWN",30,"Cytotoxic Chemotherapy",0,"Yes",FALSE,0,0,"None","None",0,"None","None"
"NCT01213407","Dendritic Cell Cancer Vaccine for High-grade Glioma",2010,"PHASE2","Industry","US","COMPLETED",87,"Surgical; Radiation; Cytotoxic Chemotherapy; Immunotherapy",1,"No",FALSE,0,0,"None","None",1,"Secondary","quality of life"
"NCT04729959","Testing the Addition of the Immune Therapy Drugs, Tocilizumab and Atezolizumab, to Radiation Therapy for Recurrent Glioblastoma",2022,"PHASE2","Government/Cooperative Group","US","ACTIVE_NOT_RECRUITING",61,"Surgical; Radiation; Immunotherapy",1,"Yes",FALSE,0,0,"None","None",0,"None","None"
"NCT07628062","Phase 2 Study of NAI, HPV Vaccine, and Nab-Paclitaxel in HPV-Positive Oropharyngeal Cancer Followed by De-Intensified Radiation Compared With Standard Chemoradiation",2026,"PHASE2","Industry","US","NOT_YET_RECRUITING",70,"Radiation; Cytotoxic Chemotherapy; Targeted / Small Molecule; Immunotherapy",1,"Yes",FALSE,0,0,"None","None",0,"None","None"
"NCT01986348","Study Evaluating the Efficacy and Safety of Selinexor (KPT-330) in Participants With Recurrent Gliomas",2014,"PHASE2","Industry","US","TERMINATED",76,"Targeted / Small Molecule",0,"Yes",FALSE,0,0,"None","None",0,"None","None"
"NCT06749925","Clinical Trial Assessing the Efficacy and Safety of Dendritic Cell-Based Immunotherapy for Glioblastoma",2026,"PHASE3","Academic/Investigator-Initiated","US","NOT_YET_RECRUITING",186,"Immunotherapy",0,"Yes",FALSE,1,1,"Secondary","mini-mental; mmse",1,"Secondary","anderson symptom inventory; bn20; eortc; eq-5d; fact-br; functional assessment of cancer therapy; md anderson symptom; mdasi; qlq-bn20; qlq-c30; quality of life; symptom inventory"
"NCT02892708","Impact of Surgery on the Treatment of Supratentorial Malignant Gliomas in Subjects Aged 70 and Over",2008,"PHASE3","Academic/Investigator-Initiated","US","COMPLETED",107,"Surgical; Radiation",1,"No",FALSE,0,0,"None","None",0,"None","None"
"NCT04450160","Trial of AEO in New Glioblastoma (GBM)",2020,"PHASE2","Industry","US","UNKNOWN",80,"Other / Investigational",0,"Yes",FALSE,0,0,"None","None",1,"Secondary","promis"
"NCT02799238","Autologuos Lymphoid Effector Cells Specific Against Tumour (ALECSAT) as Add on to Standard of Care in Patients With Glioblastoma",2016,"PHASE2","Industry","US","COMPLETED",62,"Radiation; Cytotoxic Chemotherapy",1,"Yes",FALSE,0,0,"None","None",0,"None","None"
"NCT00980343","GDC-0449 in Treating Patients With Recurrent Glioblastoma Multiforme That Can Be Removed by Surgery",2010,"PHASE2","Government/Cooperative Group","US","COMPLETED",44,"Surgical",0,"Yes",FALSE,0,0,"None","None",0,"None","None"
"NCT00271609","Bevacizumab for Recurrent Malignant Glioma",2005,"PHASE2","Government/Cooperative Group","US","COMPLETED",88,"Targeted / Small Molecule",0,"No",FALSE,0,0,"None","None",0,"None","None"
"NCT03014804","Autologous Dendritic Cells Pulsed With Tumor Lysate Antigen Vaccine and Nivolumab in Treating Patients With Recurrent Glioblastoma",2019,"PHASE2","Academic/Investigator-Initiated","US","WITHDRAWN",,"Immunotherapy",0,"No",FALSE,0,0,"None","None",1,"Secondary","eortc; quality of life"
"NCT03395587","Efficiency of Vaccination with Lysate-loaded Dendritic Cells in Patients with Newly Diagnosed Glioblastoma",2018,"PHASE2","Academic/Investigator-Initiated","US","ACTIVE_NOT_RECRUITING",136,"Immunotherapy",0,"Yes",FALSE,1,1,"Secondary","mmse; mmse-2",1,"Secondary","bn20; eortc; qlq-bn20; qlq-c30; quality of life"
"NCT00727506","BIBW 2992 (Afatinib) With or Without Daily Temozolomide in the Treatment of Patients With Recurrent Malignant Glioma",2008,"PHASE2","Industry","US","COMPLETED",151,"Cytotoxic Chemotherapy; Targeted / Small Molecule",0,"Yes",FALSE,0,0,"None","None",0,"None","None"
"NCT04469699","Stereotactical Photodynamic Therapy With 5-aminolevulinic Acid (Gliolan®) in Recurrent Glioblastoma",2021,"PHASE2","Academic/Investigator-Initiated","US","TERMINATED",30,"Surgical",0,"Yes",FALSE,1,1,"Secondary","mini-mental; mmse",1,"Secondary","bn20; eortc; qlq-bn20; qlq-c30; quality of life"
"NCT00278278","Combination Chemotherapy and Radiation Therapy With or Without Methotrexate in Treating Young Patients With Newly Diagnosed Gliomas",2003,"PHASE3","Academic/Investigator-Initiated","US","UNKNOWN",150,"Radiation; Cytotoxic Chemotherapy",1,"No",FALSE,0,0,"None","None",0,"None","None"
"NCT06336291","A Study With L19TNF in Combination With Lomustine in Patients With Glioblastoma at Progression or Recurrence",2024,"PHASE2","Industry","US","ACTIVE_NOT_RECRUITING",90,"Cytotoxic Chemotherapy",0,"Yes",FALSE,0,0,"None","None",0,"None","None"
"NCT00200161","Temozolomide & RT Followed by Dose Dense vs Temozolomide & Retinoic Acid in Pts w/Glioblastoma",2005,"PHASE2","Academic/Investigator-Initiated","US","COMPLETED",127,"Radiation; Cytotoxic Chemotherapy",1,"Yes",FALSE,0,0,"None","None",0,"None","None"
"NCT00521482","Temozolomide vs. Temozolomide and Thalidomide Treatment in Recurrent Glioblastoma",2007,"PHASE2","Academic/Investigator-Initiated","US","UNKNOWN",40,"Cytotoxic Chemotherapy",0,"Yes",FALSE,0,0,"None","None",0,"None","None"
"NCT07365280","Neoantigen-Pulsed Autologous Dendritic Cell Vaccine Combined With Temozolomide for Newly Diagnosed Glioblastoma",2026,"PHASE2","Industry","US","NOT_YET_RECRUITING",78,"Surgical; Radiation; Cytotoxic Chemotherapy; Immunotherapy",1,"Yes",FALSE,0,0,"None","None",0,"None","None"
"NCT05718466","Stereotactic Radiology Versus Chemotherapy for Recurrent/Progressive Glioblastoma After Second-Line Chemotherapy",2010,"PHASE3","Academic/Investigator-Initiated","US","COMPLETED",35,"Surgical; Radiation; Targeted / Small Molecule",1,"Yes",FALSE,0,0,"None","None",0,"None","None"
"NCT04485949","A Phase 2b Clinical Study With a Combination Immunotherapy in Newly Diagnosed Patients With Glioblastoma",2023,"PHASE2","Industry","US","ACTIVE_NOT_RECRUITING",99,"Radiation; Cytotoxic Chemotherapy; Immunotherapy",1,"Yes",FALSE,0,0,"None","None",0,"None","None"
"NCT01303835","Low Dose Naltrexone for Glioma Patients",2011,"PHASE2","Academic/Investigator-Initiated","US","COMPLETED",110,"Other / Investigational",0,"No",FALSE,1,1,"Secondary","finger tapping; stroop; symbol digit",1,"Primary","fact-br; functional assessment of cancer therapy; quality of life"
"NCT00295815","Enzastaurin Versus Lomustine in Glioblastoma",2006,"PHASE3","Industry","US","COMPLETED",397,"Cytotoxic Chemotherapy; Targeted / Small Molecule",0,"Yes",FALSE,0,0,"None","None",0,"None","None"
"NCT00943826","A Study of Bevacizumab (Avastin®) in Combination With Temozolomide and Radiotherapy in Participants With Newly Diagnosed Glioblastoma",2009,"PHASE3","Industry","US","COMPLETED",921,"Radiation; Cytotoxic Chemotherapy; Targeted / Small Molecule",1,"Yes",FALSE,0,0,"None","None",1,"Secondary","bn20; eortc; hrqol; qlq-bn20; qlq-c30; quality of life"
"NCT06477939","Study of Adding or Not Liposomal Transcrocetin (L-TC) With Concomitant HypoFractionated Radiation ThErapy and TEmozolomide in Newly Diagnosed GLioblastoma (GBM) Patients",2025,"PHASE3","Academic/Investigator-Initiated","US","NOT_YET_RECRUITING",554,"Radiation; Cytotoxic Chemotherapy",1,"Yes",FALSE,0,0,"None","None",1,"Secondary","bn20; eortc; qlq-bn20; qlq-c30; quality of life"
"NCT07708961","Temozolomide, With or Without WSD0922-FU, for the Treatment of EGFR-Mutant, IDH-Wildtype Glioblastoma",2026,"PHASE2","Academic/Investigator-Initiated","US","NOT_YET_RECRUITING",60,"Cytotoxic Chemotherapy",0,"Yes",FALSE,0,0,"None","None",0,"None","None"
"NCT01632228","A Study of Onartuzumab (MetMAb) in Combination With Bevacizumab Compared to Bevacizumab Alone or Onartuzumab Monotherapy in Participants With Recurrent Glioblastoma",2012,"PHASE2","Industry","US","COMPLETED",135,"Targeted / Small Molecule",0,"Yes",FALSE,0,0,"None","None",0,"None","None"
"NCT03393000","Safety and Efficacy Study of Trans Sodium Crocetinate (TSC) in Newly Diagnosed Glioblastoma (GBM) Biopsy-Only Subjects",2018,"PHASE3","Industry","US","TERMINATED",19,"Radiation; Cytotoxic Chemotherapy",1,"Yes",FALSE,0,0,"None","None",0,"None","None"
"NCT04829097","Neoadjuvant Temozolomide Combined With Simultaneous IMRT for Treatment of Glioblastoma",2020,"PHASE3","Academic/Investigator-Initiated","US","UNKNOWN",80,"Radiation; Cytotoxic Chemotherapy",1,"Yes",FALSE,0,0,"None","None",0,"None","None"
"NCT00761280","Efficacy and Safety of AP 12009 in Patients With Recurrent or Refractory Anaplastic Astrocytoma or Secondary Glioblastoma",2008,"PHASE3","Industry","US","TERMINATED",27,"Cytotoxic Chemotherapy",0,"No",FALSE,0,0,"None","None",0,"None","None"
"NCT06991101","Ruxolitinib With Radiation and Temozolomide Compared to Radiation and Temozolomide for Newly Diagnosed Glioblastoma",2025,"PHASE2","Academic/Investigator-Initiated","US","RECRUITING",190,"Radiation; Cytotoxic Chemotherapy",1,"Yes",FALSE,0,0,"None","None",0,"None","None"
"NCT06835803","Enhanced Local Intensified Radiation Therapy in Elderly Glioblastoma: A Phase 2 Hybrid Randomized Trial",2025,"PHASE2","Academic/Investigator-Initiated","US","RECRUITING",56,"Radiation",1,"Yes",FALSE,0,0,"None","None",1,"Secondary","bn20; eortc; health-related quality; qlq-bn20; qlq-c30; quality of life"
"NCT02685605","Intraoperative Radiotherapy in Newly Diagnosed Glioblastoma Multiforme",2016,"PHASE3","Academic/Investigator-Initiated","US","ACTIVE_NOT_RECRUITING",314,"Surgical; Radiation; Cytotoxic Chemotherapy",1,"Yes",FALSE,0,0,"None","None",1,"Secondary","bn20; eortc; qlq c30; quality of life"
"NCT00813943","Cilengitide, Temozolomide, and Radiation Therapy in Treating Patients With Newly Diagnosed Glioblastoma and Unmethylated Gene Promoter Status",2009,"PHASE2","Industry","US","COMPLETED",265,"Radiation; Cytotoxic Chemotherapy; Targeted / Small Molecule",1,"Yes",FALSE,0,0,"None","None",0,"None","None"
"NCT01450449","Short Course vs. Standard Course Radiotherapy in Elderly and/or Frail Patients With Glioblastoma Multiforme",2009,"PHASE3","Government/Cooperative Group","US","COMPLETED",115,"Radiation",1,"Yes",FALSE,0,0,"None","None",1,"Secondary","quality of life"
"NCT07605364","Testing the Addition of an Anti-Cancer Drug, Mycophenolate Mofetil, to the Usual Treatment (Radiation Therapy and Temozolomide) for Advanced Brain Cancer",2026,"PHASE2/PHASE3","Academic/Investigator-Initiated","US","NOT_YET_RECRUITING",422,"Radiation; Cytotoxic Chemotherapy",1,"Yes",FALSE,0,0,"None","None",0,"None","None"
"NCT01464177","Hypofractionated Stereotactic Radiotherapy in Recurrent Glioblastoma Multiforme",2011,"PHASE2","Academic/Investigator-Initiated","US","COMPLETED",40,"Radiation",1,"Yes",FALSE,0,0,"None","None",1,"Secondary","quality of life"
"NCT03291977","Interest of Fluorescein in Fluorescence-guided Resection of Gliomas (FLEGME)",2017,"PHASE3","Academic/Investigator-Initiated","US","COMPLETED",51,"Surgical",0,"Yes",FALSE,0,0,"None","None",0,"None","None"
"NCT00345163","A Study to Evaluate Bevacizumab Alone or in Combination With Irinotecan for Treatment of Glioblastoma Multiforme (BRAIN)",2006,"PHASE2","Industry","US","COMPLETED",167,"Cytotoxic Chemotherapy; Targeted / Small Molecule",0,"Yes",FALSE,0,0,"None","None",0,"None","None"
"NCT01830101","A Phase III Study of Re-Irradiation in Recurrent Glioblastoma",2014,"PHASE3","Academic/Investigator-Initiated","US","WITHDRAWN",,"Radiation; Cytotoxic Chemotherapy",1,"Yes",FALSE,0,0,"None","None",0,"None","None"
"NCT00003916","Standard Radiation Therapy With or Without Stereotactic Radiation Therapy in Treating Patients With Glioma",1999,"PHASE3","Government/Cooperative Group","US","COMPLETED",25,"Surgical; Radiation",1,"No",FALSE,0,0,"None","None",0,"None","None"
"NCT02394626","Surgery for Recurrent Glioblastoma",2015,"PHASE2","Academic/Investigator-Initiated","US","RECRUITING",120,"Surgical",0,"Yes",FALSE,0,0,"None","None",0,"None","None"
"NCT05271240","Repeated Superselective Intraarterial Cerebral Infusion (SIACI) of Bevacizumab With Temozolomide and Radiation Compared to Temozolomide and Radiation Alone in Newly Diagnosed GBM",2022,"PHASE3","Academic/Investigator-Initiated","US","RECRUITING",432,"Radiation; Cytotoxic Chemotherapy; Targeted / Small Molecule",1,"Yes",FALSE,0,0,"None","None",0,"None","None"
"NCT07138001","Phase 2 Clinical Trial of KH617",2025,"PHASE2","Industry","US","NOT_YET_RECRUITING",60,"Cytotoxic Chemotherapy",0,"Yes",FALSE,0,0,"None","None",1,"Secondary","bn20; eortc; qlq-bn20"
"NCT05611645","Low-dose Bevacizumab With HSRT vs BVZ Alone for GBM at First Recurrence",2022,"PHASE2","Academic/Investigator-Initiated","US","UNKNOWN",42,"Radiation; Targeted / Small Molecule",1,"Yes",FALSE,1,1,"Secondary","mini-mental; mmse",1,"Secondary","eortc; qlq-c30; quality of life"
"NCT06325683","Anti-Lag-3 (Relatlimab) and Anti-PD-1 Blockade (Nivolumab) Versus Standard of Care (Lomustine) for the Treatment of Patients With Recurrent Glioblastoma",2024,"PHASE2","Government/Cooperative Group","US","SUSPENDED",184,"Surgical; Cytotoxic Chemotherapy; Immunotherapy",0,"Yes",FALSE,0,0,"None","None",0,"None","None"
"NCT03746288","To Evaluate the Efficacy and Safety of CAN008 Combined With Re-irradiation (rRT) for Treating Patients With Recurrent Glioblastoma (GBM)",2018,"PHASE2","Industry","US","UNKNOWN",60,"Radiation",1,"Yes",FALSE,0,0,"None","None",0,"None","None"
"NCT01044225","Effect of Radiation Therapy Plus Temozolomide Combined With Cilengitide or Cetuximab on the 1-year Overall Survival of Patients With Newly Diagnosed MGMT-promoter Unmethylated Glioblastoma",2009,"PHASE2","Academic/Investigator-Initiated","US","TERMINATED",12,"Radiation; Cytotoxic Chemotherapy; Targeted / Small Molecule",1,"Yes",FALSE,0,0,"None","None",0,"None","None"
"NCT00078988","High-Dose Chemotherapy Plus Autologous Stem Cell Transplantation Compared With Intermediate-Dose Chemotherapy Plus Autologous Stem Cell Transplantation With or Without Isotretinoin in Treating Young Patients With Recurrent High-Grade Gliomas",2004,"PHASE3","Government/Cooperative Group","US","COMPLETED",1,"Cytotoxic Chemotherapy",0,"No",FALSE,0,0,"None","None",0,"None","None"
"NCT02761070","Bevacizumab Alone Versus Dose-dense Temozolomide Followed by Bevacizumab for Recurrent Glioblastoma, Phase III",2016,"PHASE3","Academic/Investigator-Initiated","US","COMPLETED",146,"Cytotoxic Chemotherapy; Targeted / Small Molecule",0,"Yes",FALSE,1,1,"Secondary","mini mental; mmse",0,"None","None"
"NCT02796261","Study to Evaluate Eflornithine + Lomustine vs Lomustine in Recurrent Anaplastic Astrocytoma (AA) Patients",2016,"PHASE3","Industry","US","UNKNOWN",343,"Radiation; Cytotoxic Chemotherapy",1,"No",FALSE,0,0,"None","None",0,"None","None"
"EudraCT2009-018228-14","HGG-2010: phase IIb placebo-controlled randomized trial of dendritic cell vaccination added to standard treatment for newly diagnosed glioblastoma",2011,"PHASE2","Academic/Investigator-Initiated","International","Unknown/Missing",,"Immunotherapy",0,"Yes",FALSE,0,0,"None","None",,"None","None"
"EudraCT2020-003545-11","Randomized phase III trial of lomustine versus lomustine + bevacizumab for recurrent glioblastoma (DNOG-LOBE-01)",2020,"PHASE3","Government/Cooperative Group","International","Unknown/Missing",,"Targeted / Small Molecule; Cytotoxic Chemotherapy",0,"Yes",FALSE,0,0,"None","None",0,"None","None"
"EudraCT2009-012186-63","LWNO 0901: randomized phase II study in recurrent glioblastoma",2009,"PHASE2","Government/Cooperative Group","International","Unknown/Missing",,"Targeted / Small Molecule",0,"Yes",FALSE,0,0,"None","None",,"None","None"
"EudraCT2008-001144-39","Randomized phase II trial of bevacizumab, irinotecan and cerebral radiotherapy in glioblastoma (GBMBIBT01)",2008,"PHASE2","Academic/Investigator-Initiated","International","Unknown/Missing",,"Targeted / Small Molecule; Radiation",1,"Yes",FALSE,0,0,"None","None",,"None","None"
"EudraCT2008-001949-26","Randomized phase III study of temozolomide and short-course radiation versus short-course radiation in elderly glioblastoma (26062-22061)",2009,"PHASE3","Government/Cooperative Group","International","Unknown/Missing",,"Radiation; Cytotoxic Chemotherapy",1,"Yes",FALSE,0,0,"None","None",,"None","None"
"EudraCT2012-002272-14","ReACT: international randomized double-blind controlled phase II study of rindopepimut/GM-CSF in recurrent EGFRvIII glioblastoma (CDX110-07)",2013,"PHASE2","Industry","International","Unknown/Missing",,"Immunotherapy",0,"Yes",FALSE,0,0,"None","None",0,"None","None"
"EudraCT2006-004635-30","PATSGO: randomized phase II study of prolonged adjuvant temozolomide vs stop-and-go in glioblastoma",2008,"PHASE2","Academic/Investigator-Initiated","International","Unknown/Missing",,"Cytotoxic Chemotherapy",0,"Yes",FALSE,0,0,"None","None",,"None","None"
"EudraCT2009-016813-11","Randomized phase II of hypofractionated radiotherapy in elderly glioblastoma (RPA V/VI)",2010,"PHASE2","Academic/Investigator-Initiated","International","Unknown/Missing",,"Radiation",1,"Yes",FALSE,0,0,"None","None",,"None","None"
"EudraCT2010-024107-27","Randomized phase III of high- vs low-dose bevacizumab+irinotecan vs CCNU/procarbazine in progressive glioblastoma (GlioAvIr1)",2011,"PHASE3","Academic/Investigator-Initiated","International","Unknown/Missing",,"Targeted / Small Molecule; Cytotoxic Chemotherapy",0,"Yes",FALSE,0,0,"None","None",,"None","None"
"EudraCT2016-001600-40","Phase II randomized trial of DNX-2401 oncolytic adenovirus added to standard of care for newly diagnosed glioblastoma",2016,"PHASE2","Academic/Investigator-Initiated","International","Unknown/Missing",,"Immunotherapy",0,"Yes",FALSE,0,0,"None","None",1,"Secondary","EORTC QLQ / HRQoL"
"EudraCT2016-000167-16","DIRECT: disulfiram response as add-on to chemotherapy in recurrent glioblastoma, randomized controlled trial",2016,"PHASE2","Academic/Investigator-Initiated","International","Unknown/Missing",,"Other / Investigational",0,"Yes",FALSE,0,0,"None","None",1,"Secondary","EORTC QLQ / HRQoL"
"ISRCTN16052954","BROIC: phase II randomized trial of re-irradiation and chemotherapy in recurrent glioblastoma",2020,"PHASE2","Academic/Investigator-Initiated","International","Unknown/Missing",,"Radiation; Cytotoxic Chemotherapy",1,"Yes",FALSE,0,0,"None","None",1,"Secondary","EORTC QLQ / HRQoL"
"ISRCTN84434175","Ipi-Glio (OCTO_090): phase II open-label randomized study of ipilimumab with temozolomide versus temozolomide alone in glioblastoma",2018,"PHASE2","Academic/Investigator-Initiated","International","Unknown/Missing",,"Immunotherapy; Cytotoxic Chemotherapy",0,"Yes",FALSE,0,0,"None","None",0,"None","None"
"ISRCTN45209900","Phase III randomized trial of radiotherapy and concomitant temozolomide vs neoadjuvant chemo then RT in high-grade glioma",2010,"PHASE2/PHASE3","Academic/Investigator-Initiated","International","Unknown/Missing",,"Radiation; Cytotoxic Chemotherapy",1,"No",FALSE,0,0,"None","None",1,"Secondary","EORTC QLQ / HRQoL"
