NCT,NCO,HRQoL,Phase,Sponsor_Class,Registration_Year,Radiation,Registry_Source,Strict_GBM_Only
NCT01814813,0,0,PHASE2,Academic/Investigator-Initiated,2013,0,US,Yes
NCT00112502,0,0,PHASE2,Academic/Investigator-Initiated,2005,1,US,Yes
NCT07754734,0,1,PHASE2,Government/Cooperative Group,2026,1,US,Yes
NCT01019434,0,0,PHASE2,Government/Cooperative Group,2009,1,US,Yes
NCT02667587,0,0,PHASE3,Industry,2016,1,US,Yes
NCT03548571,0,1,PHASE2/PHASE3,Academic/Investigator-Initiated,2018,0,US,Yes
NCT06649851,1,1,PHASE2,Academic/Investigator-Initiated,2025,1,US,Yes
NCT00108069,0,0,PHASE2,Government/Cooperative Group,2005,0,US,No
NCT03650257,0,0,PHASE2,Industry,2019,1,US,Yes
NCT00154375,0,0,PHASE3,Industry,2004,0,US,Yes
NCT06061809,0,0,PHASE2,Industry,2024,0,US,Yes
NCT00304031,1,1,PHASE3,Government/Cooperative Group,2006,1,US,Yes
NCT01903330,0,0,PHASE2,Industry,2014,0,US,Yes
NCT00086879,0,0,PHASE2,Government/Cooperative Group,2004,0,US,Yes
NCT01443676,0,0,PHASE2,Academic/Investigator-Initiated,2011,1,US,Yes
NCT03419403,0,0,PHASE3,Industry,2018,1,US,Yes
NCT00995007,0,0,PHASE2,Government/Cooperative Group,2009,0,US,No
NCT01413438,0,1,PHASE2,Government/Cooperative Group,2011,0,US,Yes
NCT00753246,0,1,PHASE3,Industry,2007,1,US,Yes
NCT07356973,0,0,PHASE2,Industry,2026,0,US,Yes
NCT02465268,0,0,PHASE2,Academic/Investigator-Initiated,2016,0,US,Yes
NCT00941460,0,0,PHASE2,Academic/Investigator-Initiated,2009,0,US,Yes
NCT00224978,0,0,PHASE3,Academic/Investigator-Initiated,2005,0,US,Yes
NCT07452458,1,1,PHASE3,Academic/Investigator-Initiated,2026,1,US,Yes
NCT05669820,1,1,PHASE2/PHASE3,Academic/Investigator-Initiated,2024,0,US,Yes
NCT00003564,0,0,PHASE3,Academic/Investigator-Initiated,1999,0,US,No
NCT06419946,1,1,PHASE3,Government/Cooperative Group,2025,0,US,Yes
NCT00379470,0,1,PHASE3,Industry,2006,0,US,Yes
NCT02017717,0,0,PHASE3,Industry,2014,0,US,Yes
NCT03345095,1,1,PHASE3,Government/Cooperative Group,2018,1,US,Yes
NCT02302235,0,0,PHASE2,Academic/Investigator-Initiated,2014,1,US,Yes
NCT07301268,0,0,PHASE2,Academic/Investigator-Initiated,2026,0,US,Yes
NCT01102595,0,0,PHASE2,Academic/Investigator-Initiated,2009,1,US,Yes
NCT02343406,0,0,PHASE2,Industry,2015,0,US,No
NCT06413706,0,0,PHASE2,Industry,2024,1,US,No
NCT00515086,0,0,PHASE2,Industry,2007,0,US,Yes
NCT01562197,0,0,PHASE2,Academic/Investigator-Initiated,2014,0,US,Yes
NCT00892177,0,1,PHASE2,Academic/Investigator-Initiated,2009,0,US,No
NCT02573324,1,1,PHASE3,Industry,2015,1,US,Yes
NCT02414165,0,0,PHASE2/PHASE3,Industry,2015,0,US,No
NCT05653635,0,1,PHASE2,Academic/Investigator-Initiated,2026,1,US,Yes
NCT05303519,0,1,PHASE3,Industry,2023,0,US,No
NCT00075387,0,1,PHASE2,Academic/Investigator-Initiated,2003,0,US,No
NCT06558214,0,0,PHASE2,Academic/Investigator-Initiated,2024,0,US,Yes
NCT05118776,0,0,PHASE3,Industry,2022,0,US,Yes
NCT05842746,0,0,PHASE2,Academic/Investigator-Initiated,2023,0,US,Yes
NCT02781792,0,1,PHASE2,Academic/Investigator-Initiated,2016,0,US,No
NCT05753007,0,0,PHASE2,Academic/Investigator-Initiated,2024,0,US,Yes
NCT01164189,1,1,PHASE2,Government/Cooperative Group,2011,0,US,No
NCT01067469,0,0,PHASE2,Academic/Investigator-Initiated,2010,0,US,Yes
NCT04959500,0,0,PHASE2,Academic/Investigator-Initiated,2021,1,US,Yes
NCT04175301,1,1,PHASE2,Academic/Investigator-Initiated,2019,1,US,No
NCT00820963,0,0,PHASE3,Academic/Investigator-Initiated,2006,1,US,Yes
NCT00615186,0,0,PHASE3,Industry,2008,1,US,Yes
NCT04105374,0,0,PHASE2/PHASE3,Academic/Investigator-Initiated,2020,1,US,No
NCT03149003,0,0,PHASE3,Industry,2017,0,US,Yes
NCT00083447,0,1,PHASE3,Industry,2004,0,US,Yes
NCT01402063,0,0,PHASE2,Academic/Investigator-Initiated,2011,1,US,Yes
NCT07003542,0,0,PHASE2,Academic/Investigator-Initiated,2026,0,US,Yes
NCT01480479,0,1,PHASE3,Industry,2011,0,US,Yes
NCT01280552,0,0,PHASE2,Industry,2011,1,US,Yes
NCT00004200,0,0,PHASE2,Industry,1999,1,US,Yes
NCT00075491,0,0,PHASE2,Government/Cooperative Group,2003,0,US,Yes
NCT00045968,0,0,PHASE3,Industry,2006,0,US,Yes
NCT00076986,0,0,PHASE3,Industry,2004,0,US,Yes
NCT01567202,0,0,PHASE2,Academic/Investigator-Initiated,2012,1,US,Yes
NCT01805453,1,1,PHASE3,Academic/Investigator-Initiated,2013,1,US,Yes
NCT00017147,0,0,PHASE3,Government/Cooperative Group,2001,1,US,Yes
NCT05708352,1,1,PHASE2,Academic/Investigator-Initiated,2023,0,US,Yes
NCT01071837,1,1,PHASE2,Industry,2009,1,US,Yes
NCT01290939,0,1,PHASE3,Government/Cooperative Group,2011,0,US,Yes
NCT00243022,0,1,PHASE2,Academic/Investigator-Initiated,2004,0,US,No
NCT00118222,0,0,PHASE3,Academic/Investigator-Initiated,2005,0,US,No
NCT00817284,0,0,PHASE2,Academic/Investigator-Initiated,2008,1,US,Yes
NCT04765098,0,1,PHASE2,Academic/Investigator-Initiated,2022,0,US,Yes
NCT01656980,0,1,PHASE3,Industry,2012,0,US,No
NCT01062425,0,0,PHASE2,Government/Cooperative Group,2010,1,US,Yes
NCT02152982,0,1,PHASE2/PHASE3,Government/Cooperative Group,2014,0,US,Yes
NCT02617589,0,0,PHASE3,Industry,2016,1,US,Yes
NCT06218524,0,0,PHASE2,Academic/Investigator-Initiated,2024,0,US,Yes
NCT00643825,0,0,PHASE2,Academic/Investigator-Initiated,2008,0,US,Yes
NCT01811121,0,1,PHASE3,Academic/Investigator-Initiated,2013,0,US,Yes
NCT04600817,0,0,PHASE2,Industry,2020,1,US,Yes
NCT03243851,0,1,PHASE2,Academic/Investigator-Initiated,2016,0,US,Yes
NCT00777153,0,0,PHASE3,Industry,2008,0,US,Yes
NCT01860638,1,1,PHASE2,Industry,2013,1,US,Yes
NCT03741244,0,0,PHASE2,Academic/Investigator-Initiated,2019,0,US,No
NCT03452579,0,0,PHASE2,Academic/Investigator-Initiated,2018,0,US,Yes
NCT00112866,0,0,PHASE2,Government/Cooperative Group,2005,0,US,Yes
NCT02678975,0,1,PHASE2/PHASE3,Academic/Investigator-Initiated,2017,0,US,Yes
NCT05781321,0,1,PHASE2,Academic/Investigator-Initiated,2023,1,US,Yes
NCT04587830,0,0,PHASE2,Industry,2020,1,US,Yes
NCT00870181,0,0,PHASE2,Academic/Investigator-Initiated,2008,0,US,No
NCT07620548,0,1,PHASE2,Academic/Investigator-Initiated,2026,0,US,Yes
NCT00431561,0,1,PHASE2,Industry,2003,0,US,No
NCT02179086,1,1,PHASE2,Academic/Investigator-Initiated,2014,1,US,Yes
NCT07021339,1,1,PHASE3,Academic/Investigator-Initiated,2024,0,US,Yes
NCT05318612,0,1,PHASE3,Academic/Investigator-Initiated,2022,0,US,Yes
NCT03722355,0,0,PHASE3,Government/Cooperative Group,1990,1,US,Yes
NCT02684058,0,1,PHASE2,Industry,2017,0,US,No
NCT05100641,0,0,PHASE3,Industry,2024,1,US,Yes
NCT03862430,0,1,PHASE2,Industry,2023,1,US,Yes
NCT01502241,0,0,PHASE3,Academic/Investigator-Initiated,2005,1,US,No
NCT00689221,0,1,PHASE3,Industry,2008,1,US,Yes
NCT06388733,1,1,PHASE3,Academic/Investigator-Initiated,2024,0,US,Yes
NCT01765088,0,1,PHASE3,Academic/Investigator-Initiated,2012,0,US,No
NCT00916409,0,0,PHASE3,Industry,2009,0,US,Yes
NCT02546102,0,0,PHASE3,Industry,2024,1,US,Yes
NCT05163080,0,0,PHASE2,Industry,2021,0,US,Yes
NCT01310855,0,0,PHASE2,Academic/Investigator-Initiated,2011,0,US,Yes
NCT03663725,0,0,PHASE3,Academic/Investigator-Initiated,2019,0,US,Yes
NCT00433381,0,0,PHASE2,Government/Cooperative Group,2007,0,US,Yes
NCT01498328,0,0,PHASE2,Industry,2011,0,US,Yes
NCT01582269,1,1,PHASE2,Industry,2012,0,US,Yes
NCT04840069,0,0,PHASE2,Academic/Investigator-Initiated,2021,1,US,Yes
NCT04396860,1,1,PHASE2/PHASE3,Government/Cooperative Group,2020,1,US,Yes
NCT00003788,0,0,PHASE3,Academic/Investigator-Initiated,1998,1,US,No
NCT06330337,0,1,PHASE3,Academic/Investigator-Initiated,2024,0,US,No
NCT04888611,0,0,PHASE2,Academic/Investigator-Initiated,2021,0,US,Yes
NCT05879120,0,0,PHASE2,Academic/Investigator-Initiated,2024,0,US,Yes
NCT01149109,0,1,PHASE3,Academic/Investigator-Initiated,2010,0,US,Yes
NCT03025893,0,1,PHASE2/PHASE3,Academic/Investigator-Initiated,2018,0,US,Yes
NCT02060955,0,1,PHASE2,Industry,2014,0,US,Yes
NCT06177964,0,0,PHASE2,Academic/Investigator-Initiated,2024,0,US,Yes
NCT07297212,0,0,PHASE2,Industry,2026,0,US,Yes
NCT02206230,1,1,PHASE2,Academic/Investigator-Initiated,2014,1,US,Yes
NCT05095376,0,1,PHASE3,Academic/Investigator-Initiated,2022,1,US,Yes
NCT04223999,0,1,PHASE2,Academic/Investigator-Initiated,2020,0,US,Yes
NCT07225621,0,0,PHASE2,Industry,2026,1,US,Yes
NCT01252459,0,1,PHASE2,Academic/Investigator-Initiated,2011,1,US,Yes
NCT00238303,0,0,PHASE2,Government/Cooperative Group,2005,0,US,Yes
NCT02337491,0,0,PHASE2,Academic/Investigator-Initiated,2015,0,US,Yes
NCT07347210,0,1,PHASE2,Academic/Investigator-Initiated,2026,0,US,Yes
NCT03008148,0,1,PHASE2/PHASE3,Industry,2018,1,US,Yes
NCT02432417,0,0,PHASE2,Academic/Investigator-Initiated,2023,1,US,Yes
NCT02974621,0,0,PHASE2,Government/Cooperative Group,2017,0,US,Yes
NCT05447195,0,0,PHASE2,Industry,2021,1,US,Yes
NCT05902169,0,0,PHASE3,Industry,2024,0,US,Yes
NCT02511405,0,0,PHASE3,Industry,2015,0,US,Yes
NCT04406272,0,0,PHASE2,Academic/Investigator-Initiated,2020,0,US,Yes
NCT00093964,0,0,PHASE2,Industry,2004,0,US,Yes
NCT02977780,0,0,PHASE2,Academic/Investigator-Initiated,2017,0,US,Yes
NCT06816927,0,0,PHASE2,Academic/Investigator-Initiated,2025,1,US,Yes
NCT03688178,0,0,PHASE2,Academic/Investigator-Initiated,2020,0,US,Yes
NCT00430911,1,1,PHASE3,Academic/Investigator-Initiated,2001,1,US,No
NCT06328036,0,0,PHASE2,Government/Cooperative Group,2025,0,US,Yes
NCT07349693,0,0,PHASE2/PHASE3,Industry,2026,0,US,Yes
NCT04115761,0,0,PHASE2,Industry,2019,0,US,Yes
NCT04762069,0,1,PHASE2,Industry,2021,0,US,Yes
NCT02715297,1,1,PHASE2,Academic/Investigator-Initiated,2016,1,US,Yes
NCT00923117,0,0,PHASE2,Government/Cooperative Group,2008,0,US,No
NCT05904119,1,1,PHASE3,Government/Cooperative Group,2024,1,US,Yes
NCT02209948,0,0,PHASE2,Academic/Investigator-Initiated,2014,0,US,Yes
NCT00003293,0,0,PHASE3,Industry,1998,0,US,Yes
NCT01730950,0,0,PHASE2,Government/Cooperative Group,2012,1,US,Yes
NCT01390948,1,0,PHASE2,Industry,2011,1,US,No
NCT04817254,0,1,PHASE2,Government/Cooperative Group,2021,0,US,Yes
NCT02986178,0,0,PHASE2,Industry,2017,0,US,No
NCT06496971,1,1,PHASE3,Industry,2024,0,US,Yes
NCT00335075,0,1,PHASE3,Industry,2005,0,US,No
NCT06356883,1,1,PHASE2,Academic/Investigator-Initiated,2025,0,US,Yes
NCT06448286,0,1,PHASE3,Academic/Investigator-Initiated,2026,1,US,Yes
NCT06936046,0,1,PHASE2,Academic/Investigator-Initiated,2025,1,US,Yes
NCT00884741,1,1,PHASE3,Government/Cooperative Group,2009,1,US,Yes
NCT00807027,0,0,PHASE3,Industry,2008,0,US,Yes
NCT03970447,0,0,PHASE2/PHASE3,Academic/Investigator-Initiated,2019,1,US,Yes
NCT03018288,0,1,PHASE2,Government/Cooperative Group,2017,1,US,Yes
NCT01204684,0,0,PHASE2,Academic/Investigator-Initiated,2010,0,US,No
NCT06780592,0,0,PHASE2,Academic/Investigator-Initiated,2025,0,US,Yes
NCT01507506,0,0,PHASE3,Academic/Investigator-Initiated,2011,1,US,Yes
NCT00068952,0,0,PHASE3,Industry,2003,0,US,Yes
NCT07130149,0,0,PHASE2,Academic/Investigator-Initiated,2024,1,US,Yes
NCT04765514,1,1,PHASE2,Academic/Investigator-Initiated,2022,1,US,Yes
NCT00114309,0,1,PHASE2,Industry,2004,0,US,No
NCT04116411,1,1,PHASE2,Academic/Investigator-Initiated,2019,1,US,Yes
NCT06556563,0,0,PHASE3,Industry,2025,0,US,Yes
NCT00967330,1,1,PHASE2,Industry,2010,0,US,Yes
NCT06687681,0,0,PHASE2,Industry,2024,0,US,No
NCT04277221,0,0,PHASE3,Industry,2019,0,US,Yes
NCT00482677,0,0,PHASE3,Government/Cooperative Group,2007,1,US,Yes
NCT04195139,0,1,PHASE2,Academic/Investigator-Initiated,2018,0,US,Yes
NCT04588987,0,0,PHASE2,Academic/Investigator-Initiated,2020,0,US,No
NCT02014844,0,0,PHASE2,Industry,2014,1,US,Yes
NCT04674527,0,0,PHASE2,Academic/Investigator-Initiated,2021,0,US,Yes
NCT07195591,0,1,PHASE3,Industry,2025,1,US,Yes
NCT01022918,0,1,PHASE2,Academic/Investigator-Initiated,2009,1,US,Yes
NCT01236560,0,0,PHASE2/PHASE3,Government/Cooperative Group,2011,1,US,No
NCT05685004,0,0,PHASE2/PHASE3,Industry,2023,1,US,Yes
NCT00190424,0,0,PHASE2,Academic/Investigator-Initiated,2005,0,US,Yes
NCT06105619,0,1,PHASE2/PHASE3,Industry,2018,0,US,Yes
NCT05463848,0,0,PHASE2,Academic/Investigator-Initiated,2022,0,US,Yes
NCT01137604,0,0,PHASE2,Industry,2010,0,US,No
NCT01364064,0,0,PHASE3,Academic/Investigator-Initiated,2007,0,US,Yes
NCT04536649,1,0,PHASE3,Academic/Investigator-Initiated,2020,1,US,Yes
NCT01609790,0,0,PHASE2,Government/Cooperative Group,2012,0,US,No
NCT02794883,0,0,PHASE2,Academic/Investigator-Initiated,2016,0,US,Yes
NCT04933942,0,1,PHASE2,Government/Cooperative Group,2022,0,US,Yes
NCT06805305,0,1,PHASE2,Industry,2025,1,US,Yes
NCT05629702,0,1,PHASE2,Academic/Investigator-Initiated,2023,0,US,Yes
NCT02366728,0,0,PHASE2,Academic/Investigator-Initiated,2015,0,US,Yes
NCT04614493,1,1,PHASE2,Academic/Investigator-Initiated,2021,1,US,Yes
NCT03776071,0,0,PHASE3,Industry,2020,1,US,Yes
NCT01854554,1,0,PHASE2,Academic/Investigator-Initiated,2013,1,US,Yes
NCT04250922,0,1,PHASE2/PHASE3,Industry,2019,1,US,Yes
NCT00002545,0,0,PHASE3,Government/Cooperative Group,1994,1,US,Yes
NCT00562419,0,0,PHASE2,Industry,2007,0,US,Yes
NCT07326566,0,0,PHASE2,Industry,2026,0,US,Yes
NCT01587144,0,0,PHASE2,Industry,2012,1,US,Yes
NCT03633552,0,0,PHASE3,Academic/Investigator-Initiated,2018,0,US,No
NCT02330991,0,0,PHASE2,Academic/Investigator-Initiated,2015,0,US,Yes
NCT03149575,0,1,PHASE3,Industry,2017,1,US,Yes
NCT05694416,0,0,PHASE2,Academic/Investigator-Initiated,2023,0,US,Yes
NCT05439278,0,1,PHASE3,Academic/Investigator-Initiated,2025,1,US,Yes
NCT04157478,0,0,PHASE2,Academic/Investigator-Initiated,2020,1,US,Yes
NCT00052455,0,1,PHASE3,Academic/Investigator-Initiated,2002,0,US,No
NCT02926222,0,1,PHASE2,Academic/Investigator-Initiated,2015,0,US,Yes
NCT06359379,0,0,PHASE2,Industry,2024,1,US,Yes
NCT01068782,0,0,PHASE2,Industry,2010,0,US,Yes
NCT01285414,0,0,PHASE2,Industry,2010,1,US,Yes
NCT06160206,0,0,PHASE2,Academic/Investigator-Initiated,2024,1,US,Yes
NCT01602588,0,0,PHASE2,Academic/Investigator-Initiated,2013,1,US,No
NCT02177578,1,1,PHASE2,Academic/Investigator-Initiated,2014,1,US,Yes
NCT00814593,0,0,PHASE2,Industry,2008,0,US,Yes
NCT01308632,0,0,PHASE2/PHASE3,Academic/Investigator-Initiated,2007,0,US,Yes
NCT01213407,0,1,PHASE2,Industry,2010,1,US,No
NCT04729959,0,0,PHASE2,Government/Cooperative Group,2022,1,US,Yes
NCT07628062,0,0,PHASE2,Industry,2026,1,US,Yes
NCT01986348,0,0,PHASE2,Industry,2014,0,US,Yes
NCT06749925,1,1,PHASE3,Academic/Investigator-Initiated,2026,0,US,Yes
NCT02892708,0,0,PHASE3,Academic/Investigator-Initiated,2008,1,US,No
NCT04450160,0,1,PHASE2,Industry,2020,0,US,Yes
NCT02799238,0,0,PHASE2,Industry,2016,1,US,Yes
NCT00980343,0,0,PHASE2,Government/Cooperative Group,2010,0,US,Yes
NCT00271609,0,0,PHASE2,Government/Cooperative Group,2005,0,US,No
NCT03014804,0,1,PHASE2,Academic/Investigator-Initiated,2019,0,US,No
NCT03395587,1,1,PHASE2,Academic/Investigator-Initiated,2018,0,US,Yes
NCT00727506,0,0,PHASE2,Industry,2008,0,US,Yes
NCT04469699,1,1,PHASE2,Academic/Investigator-Initiated,2021,0,US,Yes
NCT00278278,0,0,PHASE3,Academic/Investigator-Initiated,2003,1,US,No
NCT06336291,0,0,PHASE2,Industry,2024,0,US,Yes
NCT00200161,0,0,PHASE2,Academic/Investigator-Initiated,2005,1,US,Yes
NCT00521482,0,0,PHASE2,Academic/Investigator-Initiated,2007,0,US,Yes
NCT07365280,0,0,PHASE2,Industry,2026,1,US,Yes
NCT05718466,0,0,PHASE3,Academic/Investigator-Initiated,2010,1,US,Yes
NCT04485949,0,0,PHASE2,Industry,2023,1,US,Yes
NCT01303835,1,1,PHASE2,Academic/Investigator-Initiated,2011,0,US,No
NCT00295815,0,0,PHASE3,Industry,2006,0,US,Yes
NCT00943826,0,1,PHASE3,Industry,2009,1,US,Yes
NCT06477939,0,1,PHASE3,Academic/Investigator-Initiated,2025,1,US,Yes
NCT07708961,0,0,PHASE2,Academic/Investigator-Initiated,2026,0,US,Yes
NCT01632228,0,0,PHASE2,Industry,2012,0,US,Yes
NCT03393000,0,0,PHASE3,Industry,2018,1,US,Yes
NCT04829097,0,0,PHASE3,Academic/Investigator-Initiated,2020,1,US,Yes
NCT00761280,0,0,PHASE3,Industry,2008,0,US,No
NCT06991101,0,0,PHASE2,Academic/Investigator-Initiated,2025,1,US,Yes
NCT06835803,0,1,PHASE2,Academic/Investigator-Initiated,2025,1,US,Yes
NCT02685605,0,1,PHASE3,Academic/Investigator-Initiated,2016,1,US,Yes
NCT00813943,0,0,PHASE2,Industry,2009,1,US,Yes
NCT01450449,0,1,PHASE3,Government/Cooperative Group,2009,1,US,Yes
NCT07605364,0,0,PHASE2/PHASE3,Academic/Investigator-Initiated,2026,1,US,Yes
NCT01464177,0,1,PHASE2,Academic/Investigator-Initiated,2011,1,US,Yes
NCT03291977,0,0,PHASE3,Academic/Investigator-Initiated,2017,0,US,Yes
NCT00345163,0,0,PHASE2,Industry,2006,0,US,Yes
NCT01830101,0,0,PHASE3,Academic/Investigator-Initiated,2014,1,US,Yes
NCT00003916,0,0,PHASE3,Government/Cooperative Group,1999,1,US,No
NCT02394626,0,0,PHASE2,Academic/Investigator-Initiated,2015,0,US,Yes
NCT05271240,0,0,PHASE3,Academic/Investigator-Initiated,2022,1,US,Yes
NCT07138001,0,1,PHASE2,Industry,2025,0,US,Yes
NCT05611645,1,1,PHASE2,Academic/Investigator-Initiated,2022,1,US,Yes
NCT06325683,0,0,PHASE2,Government/Cooperative Group,2024,0,US,Yes
NCT03746288,0,0,PHASE2,Industry,2018,1,US,Yes
NCT01044225,0,0,PHASE2,Academic/Investigator-Initiated,2009,1,US,Yes
NCT00078988,0,0,PHASE3,Government/Cooperative Group,2004,0,US,No
NCT02761070,1,0,PHASE3,Academic/Investigator-Initiated,2016,0,US,Yes
NCT02796261,0,0,PHASE3,Industry,2016,1,US,No
EudraCT2009-018228-14,0,0,PHASE2,Academic/Investigator-Initiated,2011,0,International,Yes
EudraCT2020-003545-11,0,0,PHASE3,Government/Cooperative Group,2020,0,International,Yes
EudraCT2009-012186-63,0,0,PHASE2,Government/Cooperative Group,2009,0,International,Yes
EudraCT2008-001144-39,0,0,PHASE2,Academic/Investigator-Initiated,2008,1,International,Yes
EudraCT2008-001949-26,0,0,PHASE3,Government/Cooperative Group,2009,1,International,Yes
EudraCT2012-002272-14,0,0,PHASE2,Industry,2013,0,International,Yes
EudraCT2006-004635-30,0,0,PHASE2,Academic/Investigator-Initiated,2008,0,International,Yes
EudraCT2009-016813-11,0,0,PHASE2,Academic/Investigator-Initiated,2010,1,International,Yes
EudraCT2010-024107-27,0,0,PHASE3,Academic/Investigator-Initiated,2011,0,International,Yes
EudraCT2016-001600-40,0,1,PHASE2,Academic/Investigator-Initiated,2016,0,International,Yes
EudraCT2016-000167-16,0,1,PHASE2,Academic/Investigator-Initiated,2016,0,International,Yes
ISRCTN16052954,0,1,PHASE2,Academic/Investigator-Initiated,2020,1,International,Yes
ISRCTN84434175,0,0,PHASE2,Academic/Investigator-Initiated,2018,0,International,Yes
ISRCTN45209900,0,1,PHASE2/PHASE3,Academic/Investigator-Initiated,2010,1,International,No
